id,friends_w1,popular_w1,actalcoh_w1,friends_w2,popular_w2,actalcoh_w2,friends_w3,popular_w3,actalcoh_w3,friends_w4,popular_w4,actalcoh_w4
01a3,0,0,0,0,0,0,0,1,0,0,0,0
01a6,NA,0,0,0.666666666666667,0,0,1,1,1,NA,0,0
01a12,0,0,0,0,0,0,0.2,1,0,0,0,0
01a13,0,0,0,0.125,0,0,0,1,1,0,0,0
01a16,NaN,0,0,NaN,0,0,NaN,1,0,NaN,0,0
01a17,0,0,0,0,0,0,0,1,0,0,0,0
01b1,0.571428571428571,0.666666666666667,1,0.333333333333333,0.333333333333333,0,0.5,0,0,0.666666666666667,0.333333333333333,0
01b2,0.333333333333333,0.666666666666667,1,0.5,0.333333333333333,0,0.6,0,0,0.333333333333333,0.333333333333333,1
01b4,0,0.666666666666667,0,0,0.333333333333333,0,0.166666666666667,0,0,0.2,0.333333333333333,0
01b5,0.5,0.666666666666667,1,0.5,0.333333333333333,1,0.4,0,1,0.5,0.333333333333333,1
01b7,0.5,0.666666666666667,1,0.25,0.333333333333333,1,0.5,0,1,0.4,0.333333333333333,1
01b9,0.333333333333333,0.666666666666667,0,0,0.333333333333333,0,0,0,0,0.25,0.333333333333333,1
01b13,NaN,0.666666666666667,1,0,0.333333333333333,0,0.333333333333333,0,1,0.5,0.333333333333333,1
01b14,0.2,0.666666666666667,0,0,0.333333333333333,0,0.25,0,0,0.25,0.333333333333333,0
01b15,0,0.666666666666667,0,0,0.333333333333333,1,0,0,1,0,0.333333333333333,1
01b16,0.5,0.666666666666667,0,0.25,0.333333333333333,0,0.5,0,0,0.666666666666667,0.333333333333333,0
01b17,0,0.666666666666667,1,0,0.333333333333333,0,0,0,0,NaN,0.333333333333333,0
01b18,0.666666666666667,0.666666666666667,0,0,0.333333333333333,0,0,0,0,0,0.333333333333333,0
01c2,0.555555555555556,0.666666666666667,1,0.5,0.666666666666667,0,0.333333333333333,0.666666666666667,1,0.333333333333333,0.666666666666667,1
01c3,NaN,0.666666666666667,0,NaN,0.666666666666667,0,NaN,0.666666666666667,0,NaN,0.666666666666667,0
01c5,1,0.666666666666667,1,0.5,0.666666666666667,0,0.714285714285714,0.666666666666667,0,0.571428571428571,0.666666666666667,0
01c6,0,0.666666666666667,0,0,0.666666666666667,0,NA,0.666666666666667,0,NA,0.666666666666667,0
01c7,0.416666666666667,0.666666666666667,1,0.4,0.666666666666667,1,0.5,0.666666666666667,1,0.75,0.666666666666667,1
01c8,0,0.666666666666667,1,NaN,0.666666666666667,0,NaN,0.666666666666667,0,NaN,0.666666666666667,0
01c9,0,0.666666666666667,0,0,0.666666666666667,0,NA,0.666666666666667,0,NA,0.666666666666667,0
01c10,0,0.666666666666667,0,0,0.666666666666667,0,NA,0.666666666666667,0,NA,0.666666666666667,0
01c11,1,0.666666666666667,1,0.6,0.666666666666667,0,0.666666666666667,0.666666666666667,1,0.333333333333333,0.666666666666667,1
01c12,0,0.666666666666667,0,0,0.666666666666667,0,NA,0.666666666666667,0,NA,0.666666666666667,1
01c13,0,0.666666666666667,0,0,0.666666666666667,0,NA,0.666666666666667,0,NA,0.666666666666667,0
01c15,0,0.666666666666667,0,0,0.666666666666667,0,0.111111111111111,0.666666666666667,NA,0.125,0.666666666666667,NA
01c16,1,0.666666666666667,1,0.6,0.666666666666667,0,0.6,0.666666666666667,0,0.571428571428571,0.666666666666667,0
01c17,0.875,0.666666666666667,0,1,0.666666666666667,1,0.6,0.666666666666667,1,0.428571428571429,0.666666666666667,1
01c18,0.5,0.666666666666667,1,0.333333333333333,0.666666666666667,1,0.5,0.666666666666667,1,0.571428571428571,0.666666666666667,0
01d2,1,NA,1,1,0.666666666666667,1,0,0.333333333333333,1,0,0.25,1
01d3,0.333333333333333,NA,1,0.6,0.666666666666667,0,0.5,0.333333333333333,0,0.5,0.25,0
01d4,0.75,NA,1,0.333333333333333,0.666666666666667,0,0.333333333333333,0.333333333333333,1,0.4,0.25,0
01d6,1,NA,1,0.25,0.666666666666667,0,0.333333333333333,0.333333333333333,0,0.333333333333333,0.25,1
01d8,0.666666666666667,NA,0,0.333333333333333,0.666666666666667,0,0.5,0.333333333333333,0,1,0.25,0
01d9,NA,NA,1,0.25,0.666666666666667,1,0.4,0.333333333333333,0,0.5,0.25,0
01d10,NA,NA,1,0.166666666666667,0.666666666666667,1,0.428571428571429,0.333333333333333,1,0.666666666666667,0.25,1
01d11,NA,NA,0,0.5,0.666666666666667,0,0.4,0.333333333333333,1,0.25,0.25,0
01d13,1,NA,1,1,0.666666666666667,1,1,0.333333333333333,0,1,0.25,0
01d14,0.666666666666667,NA,0,0.4,0.666666666666667,0,0.5,0.333333333333333,0,0.6,0.25,0
01d15,0.5,NA,0,0.666666666666667,0.666666666666667,0,0.5,0.333333333333333,0,0.285714285714286,0.25,1
01d16,NA,NA,1,0.5,0.666666666666667,1,0.5,0.333333333333333,1,1,0.25,1
01d17,0.75,NA,NA,0.272727272727273,0.666666666666667,1,0.25,0.333333333333333,1,0.4,0.25,1
01e3,1,0.75,0,0.75,0.25,0,0.571428571428571,0.5,0,0.75,0.75,0
01e4,0.333333333333333,0.75,1,0.166666666666667,0.25,0,0.142857142857143,0.5,1,0.125,0.75,1
01e5,NaN,0.75,1,0.333333333333333,0.25,1,0.5,0.5,1,0.5,0.75,1
01e6,0.727272727272727,0.75,1,0.666666666666667,0.25,1,0.4,0.5,0,0.5,0.75,1
01e8,1,0.75,1,NaN,0.25,0,0.285714285714286,0.5,0,0.8,0.75,0
01e9,0.625,0.75,1,0.5,0.25,1,0.25,0.5,1,0.714285714285714,0.75,0
01e10,0.666666666666667,0.75,0,0,0.25,0,0.25,0.5,0,0.571428571428571,0.75,0
01e11,0.818181818181818,0.75,1,0.333333333333333,0.25,0,0.5,0.5,0,0.5,0.75,1
01e12,0.5,0.75,1,0,0.25,0,0,0.5,0,0.333333333333333,0.75,0
01e13,1,0.75,0,0.375,0.25,1,0.363636363636364,0.5,1,0.333333333333333,0.75,1
01e14,NaN,0.75,0,0.333333333333333,0.25,0,0.5,0.5,0,0.666666666666667,0.75,1
01e15,0.333333333333333,0.75,1,0,0.25,0,0.25,0.5,0,0.5,0.75,0
01e16,0.666666666666667,0.75,1,0.25,0.25,0,0.5,0.5,0,0.5,0.75,0
01e17,0.5,0.75,1,0.5,0.25,1,0.333333333333333,0.5,1,0.5,0.75,1
01e18,0.777777777777778,0.75,0,0.555555555555556,0.25,0,0.3,0.5,1,0.384615384615385,0.75,1
01e19,0.5,0.75,1,0,0.25,0,0.25,0.5,0,0.333333333333333,0.75,0
01e20,0.714285714285714,0.75,1,0.636363636363636,0.25,0,0.454545454545455,0.5,0,0.5,0.75,0
01e21,0.666666666666667,0.75,0,0,0.25,0,0,0.5,0,0.333333333333333,0.75,0
01f2,0.5,0.5,0,0,0.25,0,0.333333333333333,0.25,0,0.2,0.25,0
01f4,0.333333333333333,0.5,0,0.142857142857143,0.25,0,0.2,0.25,0,0.333333333333333,0.25,0
01f5,1,0.5,0,0,0.25,0,0.166666666666667,0.25,0,0.333333333333333,0.25,0
01f6,0.666666666666667,0.5,1,0,0.25,0,0,0.25,0,0.75,0.25,0
01f7,0.666666666666667,0.5,0,0.333333333333333,0.25,0,0,0.25,0,0,0.25,0
01f8,0.333333333333333,0.5,0,NA,0.25,0,0,0.25,0,0.25,0.25,0
01f9,0.4,0.5,1,0.25,0.25,0,0,0.25,0,0.5,0.25,0
01f10,0.333333333333333,0.5,0,0,0.25,0,0.333333333333333,0.25,0,0.4,0.25,0
01f11,0,0.5,0,0,0.25,0,0,0.25,0,0.333333333333333,0.25,0
01f12,0.333333333333333,0.5,1,0,0.25,1,0.2,0.25,0,0,0.25,0
01f13,0.333333333333333,0.5,0,0.5,0.25,0,0.5,0.25,0,0,0.25,0
01f16,0,0.5,1,0,0.25,1,0.5,0.25,0,0,0.25,0
01f17,0.5,0.5,0,0,0.25,0,0,0.25,1,0,0.25,1
01f19,1,0.5,1,0,0.25,NA,0,0.25,0,0,0.25,1
01f20,1,0.5,1,NaN,0.25,0,0,0.25,0,0,0.25,0
01f21,0.666666666666667,0.5,0,0,0.25,0,0,0.25,0,0.75,0.25,0
01f22,0.4,0.5,0,0.25,0.25,0,0,0.25,0,0.333333333333333,0.25,0
01g1,0.75,0.5,0,0.375,0.25,0,0.333333333333333,0.25,0,0.333333333333333,0,0
01g3,0.5,0.5,1,0.166666666666667,0.25,1,0.5,0.25,1,0.333333333333333,0,1
01g6,0.666666666666667,0.5,1,0,0.25,0,0.25,0.25,0,0.666666666666667,0,0
01g7,0.4,0.5,1,0.333333333333333,0.25,1,0.666666666666667,0.25,0,0.333333333333333,0,1
01g8,0.666666666666667,0.5,1,0.4,0.25,0,0,0.25,1,0,0,0
01g10,0.666666666666667,0.5,1,0.25,0.25,1,0,0.25,1,0,0,1
01g11,0.333333333333333,0.5,1,0,0.25,0,0,0.25,1,0.166666666666667,0,1
01g12,1,0.5,0,0.333333333333333,0.25,0,0.4,0.25,0,0.2,0,0
01g14,0.666666666666667,0.5,0,0.5,0.25,0,0.75,0.25,1,0.25,0,1
01g15,0.5,0.5,1,0,0.25,0,0.333333333333333,0.25,0,0.5,0,1
01g17,0.5,0.5,0,0,0.25,0,0.4,0.25,0,0.2,0,0
01g18,1,0.5,1,0.6,0.25,0,0.6,0.25,0,0,0,0
01g19,0.75,0.5,0,0,0.25,0,0.666666666666667,0.25,0,0.666666666666667,0,0
01g20,0.666666666666667,0.5,0,0.333333333333333,0.25,0,0.5,0.25,0,1,0,0
01g21,0.375,0.5,1,0.25,0.25,1,0.333333333333333,0.25,0,0.25,0,0
01h2,0.666666666666667,0.2,1,0,0,0,0,0,0,0.285714285714286,0.6,1
01h3,NaN,0.2,0,0,0,1,0.333333333333333,0,1,0.333333333333333,0.6,0
01h4,0,0.2,1,0,0,0,0,0,0,0,0.6,0
01h5,0.666666666666667,0.2,1,0.25,0,0,0.25,0,0,0.428571428571429,0.6,1
01h6,0.125,0.2,0,0.111111111111111,0,0,0.25,0,0,0.384615384615385,0.6,0
01h7,0.428571428571429,0.2,1,0,0,0,0,0,0,0.428571428571429,0.6,0
01h9,0.875,0.2,0,0.125,0,0,0.25,0,0,0,0.6,0
01h10,0.666666666666667,0.2,0,0,0,0,0.2,0,0,0,0.6,0
01h11,1,0.2,0,0,0,0,0,0,0,0,0.6,0
01h12,0,0.2,1,0.25,0,1,0.2,0,1,0,0.6,1
01h13,0,0.2,1,0,0,0,0,0,0,0.333333333333333,0.6,0
01h14,1,0.2,1,0,0,0,0,0,0,1,0.6,0
01h15,0,0.2,1,0,0,0,0.5,0,0,1,0.6,0
01h16,0.5,0.2,0,0,0,0,0.333333333333333,0,0,0.333333333333333,0.6,0
01h17,0.6,0.2,1,0,0,1,0,0,1,0.4,0.6,1
01h18,0,0.2,1,0,0,0,0.333333333333333,0,0,0.833333333333333,0.6,0
01h20,0.384615384615385,0.2,0,0,0,0,0.25,0,0,0.333333333333333,0.6,0
01h25,1,0.2,0,0.1,0,0,0.2,0,0,0.5,0.6,1
01h26,0.166666666666667,0.2,0,0.5,0,0,0.428571428571429,0,0,0.25,0.6,0
01h27,0.333333333333333,0.2,0,0.5,0,0,0.4,0,0,0.25,0.6,0
01h28,1,0.2,1,0,0,1,0,0,0,0.5,0.6,1
01i1,0.5,0.5,0,0.833333333333333,0.75,0,0.666666666666667,0.75,0,0.5,0.5,0
01i2,0.666666666666667,0.5,1,0.5,0.75,0,0.333333333333333,0.75,0,0,0.5,0
01i3,NaN,0.5,0,0.333333333333333,0.75,1,NaN,0.75,1,0.5,0.5,1
01i4,0.666666666666667,0.5,0,0.5,0.75,0,0.5,0.75,0,0.25,0.5,0
01i5,0.25,0.5,0,0.375,0.75,0,0,0.75,0,0.5,0.5,0
01i6,0,0.5,0,0.2,0.75,0,0,0.75,0,0,0.5,0
01i7,0.25,0.5,1,0.272727272727273,0.75,1,0.333333333333333,0.75,1,0.363636363636364,0.5,1
01i8,0.5,0.5,0,0.4,0.75,0,0.666666666666667,0.75,1,0.75,0.5,1
01i9,0.4,0.5,0,0,0.75,0,0,0.75,0,0,0.5,0
01i10,0.25,0.5,0,0.4,0.75,0,0.5,0.75,0,0.75,0.5,0
01i12,0.5,0.5,1,0.5,0.75,1,0.8,0.75,1,0.8,0.5,1
01i13,0,0.5,1,0.666666666666667,0.75,0,0.5,0.75,0,NaN,0.5,0
01i15,0,0.5,1,0.2,0.75,1,0.428571428571429,0.75,1,0.428571428571429,0.5,1
01i16,NaN,0.5,0,NaN,0.75,1,1,0.75,1,0.333333333333333,0.5,1
01i17,0,0.5,0,0,0.75,0,0.666666666666667,0.75,0,0.75,0.5,0
01i20,0.4,0.5,0,0,0.75,0,0.25,0.75,0,0,0.5,0
01i21,0,0.5,0,0.25,0.75,0,0,0.75,0,0,0.5,0
01j1,0.5,0.333333333333333,0,0,0,0,0.666666666666667,0,0,0,1,0
01j2,0,0.333333333333333,0,0,0,0,0,0,0,0,1,0
01j3,0.5,0.333333333333333,0,0,0,0,0,0,0,0,1,0
01j5,0,0.333333333333333,1,0.4,0,0,0.166666666666667,0,1,0,1,1
01j7,0.25,0.333333333333333,0,0,0,0,0,0,0,0.166666666666667,1,1
01j8,0,0.333333333333333,0,0,0,0,0,0,0,0,1,0
01j9,0,0.333333333333333,0,0,0,0,0,0,0,1,1,0
01j10,0.333333333333333,0.333333333333333,1,0,0,1,0.5,0,0,0.333333333333333,1,0
01j11,0,0.333333333333333,1,0,0,0,0,0,0,0.25,1,0
01j13,0.142857142857143,0.333333333333333,0,0,0,0,0,0,0,0.2,1,1
01j14,0.5,0.333333333333333,0,0,0,1,0.5,0,0,0.25,1,0
01j15,0.142857142857143,0.333333333333333,0,0,0,0,0,0,0,0.333333333333333,1,0
01j16,0,0.333333333333333,0,0,0,0,0,0,0,0,1,0
01j17,0,0.333333333333333,1,0,0,0,0,0,0,0.5,1,0
01k1,0.5,0.25,0,0,0.5,0,NA,0.75,0,0,0.75,0
01k2,0.333333333333333,0.25,0,0.333333333333333,0.5,0,NA,0.75,0,NaN,0.75,0
01k3,0.375,0.25,1,0.2,0.5,0,NA,0.75,1,0.333333333333333,0.75,1
01k5,0.5,0.25,1,0,0.5,0,0,0.75,NA,0,0.75,1
01k7,0.5,0.25,0,0,0.5,0,0.333333333333333,0.75,0,0.5,0.75,0
01k8,0,0.25,1,0.0909090909090909,0.5,1,0.181818181818182,0.75,1,0.1,0.75,1
01k10,0.5,0.25,0,0,0.5,0,0,0.75,0,0,0.75,0
01k11,0.5,0.25,0,0,0.5,0,0,0.75,0,0,0.75,0
01k12,0.5,0.25,0,0,0.5,0,NA,0.75,0,0.5,0.75,0
01k13,0.75,0.25,0,0.125,0.5,0,0.333333333333333,0.75,0,0.555555555555556,0.75,0
01k14,0.5,0.25,0,0.25,0.5,0,0.25,0.75,0,0.166666666666667,0.75,0
01k17,1,0.25,0,0.5,0.5,0,0.75,0.75,0,0.6,0.75,0
01k18,0.666666666666667,0.25,0,0,0.5,0,NA,0.75,0,0.666666666666667,0.75,0
01k19,0.5,0.25,1,0,0.5,0,0,0.75,0,0,0.75,0
01k20,0.5,0.25,0,0,0.5,0,0,0.75,0,0,0.75,0
01k21,0.5,0.25,1,0.2,0.5,1,0.25,0.75,1,0.4,0.75,1
01l7,0.25,0.5,0,0.333333333333333,0.25,0,0,0,0,0,0,0
01l8,0.333333333333333,0.5,0,0.25,0.25,0,0.25,0,0,0,0,0
01l9,0,0.5,0,0,0.25,0,NaN,0,0,0,0,0
01l10,1,0.5,0,0.25,0.25,0,0,0,0,0,0,0
01l13,0.25,0.5,0,0.25,0.25,0,0,0,0,0,0,0
01l16,0,0.5,0,0.333333333333333,0.25,0,0,0,1,NaN,0,0
01l17,0.6,0.5,0,0,0.25,0,0,0,0,0,0,0
01l18,0,0.5,0,0.333333333333333,0.25,0,0,0,0,0,0,0
01l19,1,0.5,0,0.333333333333333,0.25,0,0,0,0,0,0,0
01l22,0,0.5,1,0,0.25,1,0,0,0,0,0,0
01l23,0,0.5,0,0,0.25,0,0,0,0,0,0,0
02a1,0.2,0.5,1,0.2,0.25,1,0.333333333333333,0.25,1,0,0,1
02a2,0.5,0.5,0,0,0.25,0,0.166666666666667,0.25,0,0.4,0,0
02a3,0.2,0.5,1,0.25,0.25,0,0.25,0.25,0,0.25,0,0
02a5,0.5,0.5,0,0.333333333333333,0.25,0,0,0.25,0,0,0,0
02a6,0,0.5,0,0,0.25,0,0.25,0.25,0,0.5,0,0
02a7,0.5,0.5,0,0,0.25,0,0,0.25,0,0,0,0
02a8,0,0.5,0,0,0.25,0,0,0.25,0,0,0,0
02a10,0.333333333333333,0.5,1,1,0.25,1,0.2,0.25,1,0.333333333333333,0,1
02a11,0,0.5,0,0.5,0.25,0,0.5,0.25,0,0.666666666666667,0,0
02a12,0,0.5,0,0,0.25,0,0,0.25,0,0,0,1
02a13,0.5,0.5,0,0,0.25,0,0,0.25,0,0,0,0
02a14,0,0.5,0,0,0.25,0,0,0.25,0,0.166666666666667,0,0
02a16,0,0.5,0,0,0.25,0,0,0.25,0,0.333333333333333,0,0
02a20,0,0.5,1,0.5,0.25,1,0,0.25,1,0.2,0,1
02a21,0.5,0.5,0,0.428571428571429,0.25,0,0.166666666666667,0.25,0,0.166666666666667,0,0
02a22,0.2,0.5,0,0.142857142857143,0.25,1,0.285714285714286,0.25,0,0.25,0,1
02a23,NaN,0.5,0,0.333333333333333,0.25,0,0,0.25,0,0.166666666666667,0,0
02a24,0.333333333333333,0.5,0,0.4,0.25,0,0.2,0.25,0,0.25,0,0
02a25,0,0.5,0,0,0.25,0,0,0.25,0,0,0,0
02b1,0,0.25,0,0.333333333333333,0.25,0,0.0909090909090909,0.25,0,0.333333333333333,0.5,0
02b2,0.5,0.25,0,0,0.25,0,0.333333333333333,0.25,0,0.5,0.5,0
02b3,NA,0.25,0,0.5,0.25,0,0,0.25,1,0.333333333333333,0.5,1
02b4,NA,0.25,0,0.285714285714286,0.25,0,0.166666666666667,0.25,0,0.25,0.5,0
02b5,0.333333333333333,0.25,1,0.285714285714286,0.25,0,0,0.25,0,0,0.5,0
02b6,0.75,0.25,1,0.333333333333333,0.25,0,0.2,0.25,0,0.142857142857143,0.5,0
02b7,0,0.25,0,0,0.25,0,0.25,0.25,0,0.2,0.5,0
02b9,0.5,0.25,1,0.2,0.25,1,0.25,0.25,0,0,0.5,0
02b10,0.333333333333333,0.25,0,0.142857142857143,0.25,1,0.142857142857143,0.25,0,0.3,0.5,0
02b11,0,0.25,0,0.142857142857143,0.25,0,0.142857142857143,0.25,0,0.444444444444444,0.5,0
02b12,0.5,0.25,1,0.272727272727273,0.25,1,0.2,0.25,0,0.25,0.5,1
02b13,0.25,0.25,0,0.142857142857143,0.25,0,0.285714285714286,0.25,0,0.142857142857143,0.5,0
02b14,0,0.25,0,0,0.25,0,0.333333333333333,0.25,0,0.25,0.5,0
02b15,0.5,0.25,1,0,0.25,1,0.166666666666667,0.25,0,0.111111111111111,0.5,1
02b16,0.2,0.25,1,0.5,0.25,0,0.333333333333333,0.25,1,0,0.5,1
02b17,0,0.25,0,0.2,0.25,0,0,0.25,0,0,0.5,0
02b19,0,0.25,0,0.333333333333333,0.25,0,0,0.25,0,0,0.5,0
02b20,0,0.25,1,1,0.25,0,0.2,0.25,0,0.2,0.5,0
02b21,0.75,0.25,0,0.25,0.25,0,0.0909090909090909,0.25,0,0.166666666666667,0.5,0
02b22,0.666666666666667,0.25,1,0.2,0.25,1,0.2,0.25,1,0.25,0.5,0
02b23,NaN,0.25,0,0.333333333333333,0.25,0,0.181818181818182,0.25,0,0,0.5,0
02b25,0,0.25,NA,0.5,0.25,0,0,0.25,0,0.5,0.5,0
02c1,0.333333333333333,0.5,0,0,0.75,0,0,0.5,0,NaN,0.75,1
02c3,0.2,0.5,0,0.2,0.75,0,0,0.5,0,0.2,0.75,1
02c4,NaN,0.5,0,NaN,0.75,0,NaN,0.5,0,NaN,0.75,0
02c5,0.666666666666667,0.5,0,0.5,0.75,0,0.5,0.5,0,0.5,0.75,0
02c6,0.5,0.5,0,0.6,0.75,0,0.6,0.5,0,NA,0.75,0
02c7,0.2,0.5,0,0.166666666666667,0.75,0,0,0.5,0,0.333333333333333,0.75,0
02c8,0,0.5,0,0,0.75,0,0.166666666666667,0.5,1,0.333333333333333,0.75,0
02c9,0.2,0.5,1,0.25,0.75,1,0.4,0.5,1,NA,0.75,1
02c11,0.333333333333333,0.5,0,0.571428571428571,0.75,1,0.333333333333333,0.5,1,0.428571428571429,0.75,1
02c12,0.25,0.5,0,0.333333333333333,0.75,1,0.333333333333333,0.5,1,NA,0.75,1
02c13,0.5,0.5,1,0.416666666666667,0.75,1,0.5,0.5,1,NA,0.75,1
02c15,0.333333333333333,0.5,1,NaN,0.75,0,0,0.5,0,0.333333333333333,0.75,0
02c16,0,0.5,0,0,0.75,0,0,0.5,0,0.333333333333333,0.75,0
02c17,0,0.5,0,0.75,0.75,0,0.5,0.5,0,0.333333333333333,0.75,0
02c18,NaN,0.5,0,1,0.75,0,0.6,0.5,0,0.6,0.75,0
02c19,0,0.5,1,0,0.75,0,0,0.5,0,0.333333333333333,0.75,0
02c20,0,0.5,0,0,0.75,1,1,0.5,0,0.2,0.75,0
02c21,0,0.5,1,0.166666666666667,0.75,0,0.285714285714286,0.5,0,0,0.75,1
02c22,0.5,0.5,0,0.454545454545455,0.75,0,0.416666666666667,0.5,0,NA,0.75,0
02c23,0.4,0.5,1,0.6,0.75,1,0.571428571428571,0.5,1,0.5,0.75,NA
02c24,NaN,0.5,0,0.5,0.75,0,0.5,0.5,0,NaN,0.75,0
02d1,0.666666666666667,0.25,0,0,0.6,0,0,0.6,0,0,0,0
02d2,0.25,0.25,0,0,0.6,0,0.166666666666667,0.6,0,0,0,0
02d3,0,0.25,0,0,0.6,0,0,0.6,1,0,0,0
02d5,0.2,0.25,0,0.5,0.6,0,0.6,0.6,0,0,0,0
02d6,1,0.25,0,0,0.6,0,0,0.6,0,0,0,0
02d8,NaN,0.25,0,0,0.6,0,0,0.6,0,0,0,0
02d9,0,0.25,0,0.75,0.6,1,0.6,0.6,0,0,0,0
02d10,0.25,0.25,1,0.555555555555556,0.6,1,0,0.6,0,0,0,0
02d11,0.333333333333333,0.25,0,0.25,0.6,0,0.2,0.6,0,0,0,0
02d12,0.25,0.25,1,1,0.6,0,0.5,0.6,1,0,0,0
02d13,0,0.25,1,0,0.6,0,0,0.6,0,0,0,0
02d14,0.545454545454545,0.25,0,0.416666666666667,0.6,0,0,0.6,0,0,0,0
02d16,NaN,0.25,1,0.75,0.6,1,0,0.6,0,0,0,0
02d17,1,0.25,1,0.5,0.6,1,0.75,0.6,1,1,0,1
02d18,0.6,0.25,0,0.6,0.6,0,0,0.6,0,0,0,0
02d20,0.3,0.25,0,0.6,0.6,1,0.333333333333333,0.6,1,0.142857142857143,0,0
02d21,0,0.25,0,0,0.6,0,0,0.6,0,0,0,0
02d22,0.125,0.25,0,0,0.6,0,0,0.6,0,0,0,0
02d23,0.666666666666667,0.25,0,0.666666666666667,0.6,0,0.4,0.6,0,0.333333333333333,0,0
02d24,0.5,0.25,1,0.625,0.6,1,0.6,0.6,1,1,0,1
02d26,0.375,0.25,1,0.444444444444444,0.6,0,0.25,0.6,0,0.222222222222222,0,0
02d27,0.5,0.25,0,0.428571428571429,0.6,0,0,0.6,0,0,0,0
02e1,0.4,0.2,0,0,0,0,0.142857142857143,0,0,0,0.2,0
02e2,NaN,0.2,1,NaN,0,1,0,0,1,0,0.2,1
02e4,NaN,0.2,1,NaN,0,1,0,0,0,0,0.2,1
02e6,0.8,0.2,1,0.333333333333333,0,0,0.4,0,0,0.222222222222222,0.2,0
02e8,0.285714285714286,0.2,0,0.0909090909090909,0,0,0.0909090909090909,0,0,0,0.2,0
02e9,1,0.2,1,0.142857142857143,0,0,0.1,0,1,0.333333333333333,0.2,1
02e11,0.25,0.2,1,0.25,0,0,0,0,0,0.166666666666667,0.2,0
02e13,0,0.2,1,0.285714285714286,0,0,0.4,0,0,0.25,0.2,0
02e16,0.75,0.2,1,0,0,0,0.428571428571429,0,0,0.25,0.2,0
02e17,1,0.2,1,0,0,1,0.25,0,0,0.375,0.2,1
02e18,1,0.2,0,0,0,0,0.333333333333333,0,0,0.25,0.2,0
02e19,0.454545454545455,0.2,0,0.333333333333333,0,0,0.25,0,0,0.5,0.2,0
02e20,0.416666666666667,0.2,0,0.181818181818182,0,0,0.0909090909090909,0,0,0.166666666666667,0.2,0
02e21,NaN,0.2,0,0.0909090909090909,0,0,0.111111111111111,0,0,NaN,0.2,0
02e22,NaN,0.2,0,0.25,0,0,0.111111111111111,0,0,0.0909090909090909,0.2,0
02e24,1,0.2,1,0.333333333333333,0,0,0.285714285714286,0,1,0.428571428571429,0.2,1
02e25,1,0.2,1,NaN,0,0,0,0,0,0,0.2,0
02e26,1,0.2,1,0.166666666666667,0,1,0.2,0,1,0.2,0.2,1
02e27,NaN,0.2,0,0,0,0,0.0909090909090909,0,0,NaN,0.2,0
02e28,0.333333333333333,0.2,0,0,0,0,0.428571428571429,0,0,0.4,0.2,0
02f1,0.833333333333333,0.6,0,0.333333333333333,0.4,0,0.25,0.6,0,NA,0.8,0
02f2,0.4,0.6,1,0.333333333333333,0.4,0,0,0.6,0,0.333333333333333,0.8,0
02f5,0.666666666666667,0.6,1,0.5,0.4,1,0.5,0.6,1,1,0.8,1
02f6,0.8,0.6,1,0,0.4,1,0.6,0.6,1,NA,0.8,1
02f8,0.8,0.6,1,0.5,0.4,0,0.3,0.6,1,0.666666666666667,0.8,NA
02f9,0.5,0.6,0,0.5,0.4,0,0,0.6,0,0,0.8,0
02f10,0.333333333333333,0.6,0,0,0.4,0,0,0.6,0,0.25,0.8,0
02f12,0.833333333333333,0.6,0,0.571428571428571,0.4,0,0.5,0.6,0,0,0.8,0
02f13,NaN,0.6,1,0,0.4,0,0.25,0.6,0,0.25,0.8,0
02f14,0,0.6,0,0.333333333333333,0.4,0,0,0.6,0,0.285714285714286,0.8,0
02f15,0.75,0.6,1,0.5,0.4,1,0.666666666666667,0.6,1,0.6,0.8,0
02f16,0.8,0.6,0,0.6,0.4,0,0,0.6,0,0.5,0.8,0
02f17,1,0.6,1,0.636363636363636,0.4,0,0.5,0.6,1,0.6,0.8,1
02f18,1,0.6,1,0.625,0.4,0,0.6,0.6,0,0.5,0.8,0
02f19,NaN,0.6,1,0.333333333333333,0.4,1,0,0.6,1,NaN,0.8,1
02f20,0.714285714285714,0.6,1,0.666666666666667,0.4,0,0.5,0.6,1,0.6,0.8,1
02f21,1,0.6,1,0.5,0.4,1,0.75,0.6,0,0.571428571428571,0.8,0
02f22,0.714285714285714,0.6,1,0.428571428571429,0.4,0,0.571428571428571,0.6,0,0.857142857142857,0.8,1
02f23,1,0.6,1,0.428571428571429,0.4,1,0.6,0.6,1,0.625,0.8,1
02f24,0.666666666666667,0.6,0,0.5,0.4,0,0.5,0.6,0,0.666666666666667,0.8,0
02f25,0.5,0.6,1,0.428571428571429,0.4,1,0.5,0.6,0,0.4,0.8,0
02f26,0,0.6,1,0.333333333333333,0.4,1,0.5,0.6,1,0.5,0.8,1
02f27,1,0.6,1,0.25,0.4,1,0,0.6,0,0,0.8,0
02f28,0.8,0.6,1,0.333333333333333,0.4,1,0.714285714285714,0.6,1,0.666666666666667,0.8,1
02g1,0.75,0.6,1,0.7,0.8,1,0.666666666666667,0.6,0,0,0,0
02g2,0.333333333333333,0.6,0,0.444444444444444,0.8,0,0.444444444444444,0.6,0,0.166666666666667,0,0
02g4,1,0.6,0,0,0.8,0,0,0.6,0,1,0,0
02g5,0.333333333333333,0.6,0,0.571428571428571,0.8,0,0,0.6,0,0.166666666666667,0,0
02g6,0.333333333333333,0.6,0,0,0.8,0,0.666666666666667,0.6,0,NA,0,1
02g7,0.333333333333333,0.6,0,0,0.8,0,0.333333333333333,0.6,1,NA,0,1
02g8,0.5,0.6,0,0,0.8,0,0.666666666666667,0.6,0,NA,0,0
02g9,0.5,0.6,0,NaN,0.8,0,0,0.6,0,0,0,0
02g10,0.75,0.6,1,0.666666666666667,0.8,1,0.5,0.6,1,0.25,0,1
02g11,0.333333333333333,0.6,0,0.333333333333333,0.8,0,0.333333333333333,0.6,0,NA,0,0
02g12,1,0.6,0,1,0.8,1,0.5,0.6,1,1,0,1
02g13,0.5,0.6,1,1,0.8,1,1,0.6,1,0,0,1
02g14,1,0.6,0,0.333333333333333,0.8,0,0.6,0.6,0,0.5,0,0
02g15,0.2,0.6,1,0,0.8,1,0,0.6,1,0,0,1
02g17,NaN,0.6,0,0.333333333333333,0.8,0,0.333333333333333,0.6,0,0,0,1
02g19,0,0.6,1,0,0.8,0,0,0.6,0,0,0,1
02g20,0.75,0.6,1,0.333333333333333,0.8,0,0.5,0.6,0,0,0,0
02g22,0.5,0.6,0,0.5,0.8,0,0.666666666666667,0.6,0,NA,0,0
02g23,1,0.6,0,0.6,0.8,0,0.5,0.6,1,0.5,0,0
02g24,0,0.6,1,0,0.8,1,1,0.6,1,0,0,1
02g25,0.285714285714286,0.6,1,0.25,0.8,0,0.333333333333333,0.6,1,0.333333333333333,0,NA
02g26,0.666666666666667,0.6,1,0.571428571428571,0.8,1,0.5,0.6,1,1,0,1
02g27,0.75,0.6,1,0.454545454545455,0.8,1,0.714285714285714,0.6,1,1,0,1
02g30,0.333333333333333,0.6,0,1,0.8,0,1,0.6,0,1,0,0
03a1,0,0.4,0,0,0.2,0,0.25,0.2,0,0,0.6,0
03a2,NaN,0.4,0,0,0.2,0,0.2,0.2,0,0,0.6,0
03a3,0,0.4,0,0,0.2,0,0,0.2,0,1,0.6,0
03a4,0.5,0.4,0,0.142857142857143,0.2,0,0,0.2,0,0,0.6,0
03a5,1,0.4,1,0,0.2,1,0,0.2,1,0,0.6,0
03a6,0.333333333333333,0.4,0,0,0.2,0,0,0.2,0,0.666666666666667,0.6,1
03a8,NA,0.4,0,0.25,0.2,0,0.5,0.2,1,0.5,0.6,1
03a10,0,0.4,0,0,0.2,1,0.333333333333333,0.2,0,0.5,0.6,1
03a11,0,0.4,1,0.166666666666667,0.2,0,0.25,0.2,0,0,0.6,0
03a12,0.1,0.4,1,0.166666666666667,0.2,1,0.375,0.2,1,0.571428571428571,0.6,1
03a14,0,0.4,NA,0,0.2,0,0.571428571428571,0.2,0,0,0.6,0
03a15,NA,0.4,1,0.181818181818182,0.2,0,0.333333333333333,0.2,0,0.142857142857143,0.6,0
03a16,0.25,0.4,0,0,0.2,0,0,0.2,0,0.5,0.6,1
03a17,0,0.4,0,0,0.2,0,0,0.2,0,0,0.6,0
03a18,1,0.4,1,0.5,0.2,0,0.25,0.2,0,0.4,0.6,0
03a20,0,0.4,0,0,0.2,0,0.5,0.2,0,1,0.6,0
03a21,0.333333333333333,0.4,0,0,0.2,0,0,0.2,0,0,0.6,0
03a23,NaN,0.4,0,0,0.2,0,0.222222222222222,0.2,0,0.142857142857143,0.6,0
03a26,NA,0.4,0,0.25,0.2,0,0.8,0.2,1,0.75,0.6,1
03a27,NA,0.4,0,0,0.2,0,0,0.2,0,0,0.6,0
03a28,0.25,0.4,0,0.142857142857143,0.2,0,0,0.2,0,0.4,0.6,0
03a30,NA,0.4,0,0,0.2,0,0,0.2,0,0.2,0.6,0
03b1,0,0.8,1,0,0,1,0.625,0.6,1,0.333333333333333,0.2,1
03b2,1,0.8,1,1,0,1,1,0.6,1,1,0.2,1
03b3,0.5,0.8,0,0.272727272727273,0,0,0.4,0.6,1,0.545454545454545,0.2,0
03b4,0.285714285714286,0.8,0,NaN,0,0,0,0.6,0,0,0.2,0
03b5,0,0.8,1,0,0,0,0.2,0.6,0,0.4,0.2,0
03b7,0.4,0.8,0,0.25,0,0,0.666666666666667,0.6,0,0.625,0.2,0
03b8,1,0.8,0,0.625,0,0,0.555555555555556,0.6,0,0.714285714285714,0.2,0
03b9,0.25,0.8,0,0,0,0,0,0.6,0,0,0.2,0
03b10,0.333333333333333,0.8,0,0.142857142857143,0,0,0,0.6,0,0.4,0.2,0
03b11,0.833333333333333,0.8,0,0.75,0,1,0.666666666666667,0.6,1,1,0.2,1
03b12,1,0.8,0,0,0,0,0,0.6,0,0,0.2,0
03b13,0.666666666666667,0.8,0,0.4,0,0,0.166666666666667,0.6,0,0.2,0.2,0
03b14,0.666666666666667,0.8,0,0.75,0,0,0,0.6,0,0.5,0.2,0
03b15,0,0.8,0,0,0,0,0,0.6,0,0,0.2,0
03b16,0.625,0.8,1,0.571428571428571,0,0,0.555555555555556,0.6,0,0.666666666666667,0.2,0
03b17,0.2,0.8,1,0.222222222222222,0,0,0,0.6,0,0,0.2,0
03b18,0.2,0.8,1,0.285714285714286,0,1,0.25,0.6,0,0.375,0.2,1
03b19,0.5,0.8,0,0,0,1,0.2,0.6,0,0.666666666666667,0.2,1
03b21,0.333333333333333,0.8,1,0.2,0,1,0,0.6,0,0.75,0.2,1
03b22,0,0.8,1,0,0,0,0,0.6,0,0,0.2,0
03b23,0.333333333333333,0.8,1,0.5,0,0,0,0.6,0,0.666666666666667,0.2,0
03b24,0.571428571428571,0.8,1,0.5,0,0,0.5,0.6,1,0.5,0.2,1
03b25,1,0.8,0,0.272727272727273,0,0,0,0.6,0,0.3,0.2,0
03b26,0.5,0.8,0,0,0,0,0.4,0.6,0,0,0.2,0
03b28,0.666666666666667,0.8,1,0.333333333333333,0,1,0.444444444444444,0.6,1,0.5,0.2,1
03b29,0.333333333333333,0.8,0,0,0,0,0,0.6,0,0,0.2,0
03c1,0,0.75,0,0.166666666666667,0.25,0,0,0,0,0.333333333333333,0.5,1
03c2,0.5,0.75,1,0.25,0.25,1,1,0,1,1,0.5,1
03c3,0,0.75,0,0.375,0.25,0,0.5,0,0,0.25,0.5,0
03c4,0.375,0.75,0,0.2,0.25,0,0.333333333333333,0,0,0.4,0.5,0
03c6,0.222222222222222,0.75,1,0.5,0.25,1,0,0,0,0,0.5,0
03c7,0.25,0.75,1,0.333333333333333,0.25,1,0.25,0,0,0.666666666666667,0.5,1
03c8,0.666666666666667,0.75,0,0.666666666666667,0.25,0,0,0,1,0.5,0.5,1
03c9,0.333333333333333,0.75,1,0.142857142857143,0.25,1,0.2,0,1,1,0.5,1
03c10,0.6,0.75,0,0.666666666666667,0.25,0,0,0,0,0,0.5,0
03c11,0.6,0.75,0,0.666666666666667,0.25,0,0.166666666666667,0,0,0.333333333333333,0.5,0
03c12,0.333333333333333,0.75,0,0.111111111111111,0.25,0,0,0,0,0.333333333333333,0.5,0
03c13,NA,0.75,0,0.75,0.25,0,0.25,0,0,0.5,0.5,0
03c14,0.5,0.75,1,0.5,0.25,1,0,0,0,1,0.5,1
03c15,0.666666666666667,0.75,0,0.666666666666667,0.25,0,0,0,0,0,0.5,0
03c16,0.5,0.75,1,0.25,0.25,1,0.5,0,0,0.833333333333333,0.5,1
03c17,0.666666666666667,0.75,0,0,0.25,0,0,0,0,0.5,0.5,0
03c18,0.5,0.75,0,0,0.25,0,0,0,0,0.25,0.5,1
03c19,0.333333333333333,0.75,0,0.666666666666667,0.25,0,0.25,0,0,0,0.5,0
03c20,0.666666666666667,0.75,0,0,0.25,0,0.25,0,0,0.666666666666667,0.5,0
03c21,0.333333333333333,0.75,NA,0.166666666666667,0.25,1,0,0,1,0.333333333333333,0.5,0
03c22,0,0.75,0,0.6,0.25,0,0.25,0,0,0.5,0.5,0
03c23,0.25,0.75,0,0.333333333333333,0.25,1,0,0,0,0.4,0.5,0
03c24,0.333333333333333,0.75,0,0.5,0.25,0,0.333333333333333,0,0,0.6,0.5,0
03c25,0.375,0.75,1,0.4,0.25,0,0.5,0,0,0.5,0.5,0
03c26,0.5,0.75,0,0.5,0.25,0,0.111111111111111,0,0,0.25,0.5,0
03c27,0.333333333333333,0.75,1,0.4,0.25,1,0.333333333333333,0,1,0.666666666666667,0.5,1
03d1,1,0.75,0,0,0.5,0,0,0.25,0,0,0.75,0
03d2,0.428571428571429,0.75,0,0,0.5,0,0.125,0.25,0,0.333333333333333,0.75,0
03d3,0.5,0.75,0,0.25,0.5,0,0,0.25,0,0,0.75,0
03d4,0,0.75,1,0,0.5,0,0,0.25,0,0.3,0.75,0
03d5,0.666666666666667,0.75,0,0.2,0.5,0,0.25,0.25,0,0,0.75,1
03d6,0.5,0.75,0,0.25,0.5,0,0.333333333333333,0.25,0,0,0.75,0
03d7,0.333333333333333,0.75,0,0,0.5,0,0,0.25,0,0,0.75,0
03d8,0.6,0.75,1,0.333333333333333,0.5,0,0.333333333333333,0.25,1,0.615384615384615,0.75,1
03d9,0.75,0.75,1,0.2,0.5,1,0.5,0.25,1,0.714285714285714,0.75,1
03d10,0,0.75,0,0.166666666666667,0.5,0,0.125,0.25,0,0.5,0.75,0
03d11,0.454545454545455,0.75,1,0.166666666666667,0.5,0,0.166666666666667,0.25,0,0.2,0.75,0
03d12,0.444444444444444,0.75,0,0.333333333333333,0.5,0,0.5,0.25,0,0.8,0.75,0
03d14,0,0.75,0,0,0.5,0,0.2,0.25,0,0.4,0.75,0
03d15,0.5,0.75,1,0.25,0.5,0,0.333333333333333,0.25,0,0.4,0.75,0
03d16,0,0.75,0,0,0.5,0,0,0.25,0,0,0.75,0
03d17,0.4,0.75,0,0.125,0.5,0,0.142857142857143,0.25,0,0.222222222222222,0.75,0
03d18,0.333333333333333,0.75,1,0,0.5,0,0,0.25,1,0.5,0.75,0
03d19,0.4,0.75,1,0,0.5,1,0.333333333333333,0.25,0,0.444444444444444,0.75,0
03d22,0,0.75,0,0,0.5,0,0,0.25,0,0,0.75,0
03d23,0,0.75,0,0,0.5,0,0,0.25,0,0.166666666666667,0.75,0
03d24,0.8,0.75,0,0.4,0.5,0,0.428571428571429,0.25,1,0.5,0.75,1
03d25,0.4,0.75,1,0,0.5,1,0.333333333333333,0.25,1,0.5,0.75,1
03d26,0.666666666666667,0.75,0,0,0.5,0,0.333333333333333,0.25,0,0.333333333333333,0.75,0
03d27,0.5,0.75,1,0.2,0.5,1,0.6,0.25,0,NaN,0.75,1
03e1,NA,NA,0,0,0,0,0,0,0,0,0.5,0
03e2,0.666666666666667,NA,1,0,0,0,0.333333333333333,0,0,0,0.5,0
03e3,NaN,NA,0,0,0,0,0.166666666666667,0,NA,0,0.5,0
03e4,1,NA,0,0.5,0,0,0.666666666666667,0,0,0.5,0.5,0
03e5,0.333333333333333,NA,NA,0,0,0,0,0,0,0.333333333333333,0.5,0
03e6,0,NA,1,0,0,0,NA,0,0,0,0.5,0
03e7,0,NA,1,0,0,0,0.333333333333333,0,0,1,0.5,0
03e8,NA,NA,1,0,0,0,0.166666666666667,0,0,0.3,0.5,1
03e9,NA,NA,0,0,0,0,0,0,0,0.25,0.5,0
03e10,NaN,NA,1,0,0,0,0,0,1,0.4,0.5,1
03e11,1,NA,1,0,0,0,0.25,0,0,0,0.5,0
03e12,NA,NA,0,0.166666666666667,0,0,0.181818181818182,0,0,0.428571428571429,0.5,0
03e13,0.5,NA,1,0,0,0,0.333333333333333,0,0,0.333333333333333,0.5,0
03e14,0.75,NA,0,0.2,0,0,0.181818181818182,0,0,0.5,0.5,0
03e15,1,NA,0,0,0,0,0,0,0,0,0.5,0
03e16,0.5,NA,1,0,0,1,0,0,0,1,0.5,1
03e17,0.75,NA,0,0,0,0,0,0,0,0,0.5,0
03e18,0.5,NA,1,0,0,1,0,0,1,0.5,0.5,1
03e19,1,NA,0,0,0,0,NA,0,0,0,0.5,0
03e20,NA,NA,0,0.285714285714286,0,0,0.125,0,0,0.222222222222222,0.5,0
03e21,0.5,NA,0,0,0,0,0.333333333333333,0,0,0,0.5,0
03e22,0.5,NA,1,0,0,0,NA,0,0,0,0.5,0
03e23,0.8,NA,0,0,0,0,0,0,1,0.166666666666667,0.5,0
03e24,NaN,NA,1,0,0,0,NA,0,0,0,0.5,0
03e25,0.666666666666667,NA,1,0.222222222222222,0,0,0.285714285714286,0,0,0.25,0.5,1
03f1,0.5,0,0,0.230769230769231,0.25,0,0.0833333333333333,0.25,1,0.416666666666667,0.25,0
03f2,0.166666666666667,0,0,0.166666666666667,0.25,0,0.333333333333333,0.25,0,0.333333333333333,0.25,0
03f3,0.333333333333333,0,0,0,0.25,0,0.333333333333333,0.25,0,0,0.25,0
03f4,0.5,0,1,0.333333333333333,0.25,1,0.2,0.25,1,0.333333333333333,0.25,1
03f6,NaN,0,0,1,0.25,0,1,0.25,0,0.75,0.25,0
03f7,0,0,1,0.125,0.25,0,0.333333333333333,0.25,0,0.333333333333333,0.25,0
03f8,0.3,0,0,0,0.25,1,0.222222222222222,0.25,1,0.25,0.25,0
03f10,0,0,1,0.333333333333333,0.25,0,0.333333333333333,0.25,0,0,0.25,0
03f11,0.5,0,0,0.125,0.25,0,0.2,0.25,0,0.375,0.25,0
03f12,0.285714285714286,0,0,0.333333333333333,0.25,0,0.142857142857143,0.25,0,1,0.25,0
03f13,0,0,0,0.333333333333333,0.25,0,0,0.25,0,0,0.25,0
03f14,0.5,0,0,0.2,0.25,0,0,0.25,0,1,0.25,1
03f15,0.25,0,1,0,0.25,0,0.25,0.25,0,0,0.25,0
03f16,0.333333333333333,0,1,0.125,0.25,0,0.111111111111111,0.25,0,0.222222222222222,0.25,1
03f17,0,0,1,0.25,0.25,0,0.25,0.25,0,0.5,0.25,1
03f18,0.333333333333333,0,1,0.2,0.25,0,0.142857142857143,0.25,0,0.166666666666667,0.25,0
03f19,1,0,0,0,0.25,0,0,0.25,0,0.333333333333333,0.25,0
03f20,0.333333333333333,0,0,0,0.25,1,0.166666666666667,0.25,0,1,0.25,1
03f21,0.333333333333333,0,0,0,0.25,1,0,0.25,1,0,0.25,1
03f22,0.285714285714286,0,0,0.333333333333333,0.25,0,0.25,0.25,0,0.25,0.25,0
03f23,0.333333333333333,0,0,0.2,0.25,0,0.333333333333333,0.25,0,0.333333333333333,0.25,0
03f24,0.333333333333333,0,0,0.5,0.25,0,0.3,0.25,0,0.25,0.25,0
03f25,0.5,0,1,0.0909090909090909,0.25,0,0.166666666666667,0.25,0,0.2,0.25,0
03g1,0.833333333333333,0,0,0.4,0,0,0.333333333333333,0.5,0,0.333333333333333,0,0
03g2,NaN,0,1,0.166666666666667,0,1,0.142857142857143,0.5,1,0,0,1
03g3,0,0,1,0,0,1,0.166666666666667,0.5,1,0.4,0,1
03g4,0.166666666666667,0,0,0,0,0,0.0909090909090909,0.5,0,0,0,0
03g5,0.666666666666667,0,0,0,0,0,0.166666666666667,0.5,0,0,0,0
03g6,1,0,0,0,0,0,0,0.5,0,0,0,0
03g7,0.333333333333333,0,0,0.2,0,0,0,0.5,0,0,0,0
03g8,0.6,0,0,0.4,0,0,0.6,0.5,0,0.166666666666667,0,1
03g9,0.5,0,0,0.2,0,0,0.285714285714286,0.5,0,0.2,0,0
03g10,0.5,0,0,0,0,0,0,0.5,0,0,0,0
03g12,0.2,0,0,0,0,0,0,0.5,0,0,0,0
03g13,0.5,0,1,0.428571428571429,0,0,0.166666666666667,0.5,1,0.428571428571429,0,0
03g14,0.5,0,0,0.25,0,0,0.333333333333333,0.5,0,0.333333333333333,0,0
03g15,1,0,1,1,0,0,0,0.5,0,0,0,0
03g16,0,0,0,0,0,0,0,0.5,0,0,0,0
03g17,0,0,1,0,0,0,0,0.5,0,0,0,0
03g18,0,0,1,0,0,0,0,0.5,0,0.25,0,0
03g19,0.2,0,0,0,0,0,0.428571428571429,0.5,0,0.2,0,0
03g20,0.166666666666667,0,0,0,0,0,0,0.5,0,0,0,0
03g22,0.333333333333333,0,1,0.142857142857143,0,1,0.166666666666667,0.5,1,0.166666666666667,0,1
03g23,0.25,0,1,0,0,0,0,0.5,0,0,0,0
03g24,0.25,0,0,0,0,0,0,0.5,0,0,0,0
03g25,0.333333333333333,0,1,0.333333333333333,0,1,0.5,0.5,0,0.666666666666667,0,0
03g26,0.2,0,0,0,0,0,0,0.5,0,0,0,0
04a1,0.75,0.5,0,0.166666666666667,NA,0,0,0,0,0.375,0.2,0
04a2,1,0.5,0,0,NA,0,0,0,0,0,0.2,1
04a3,0.5,0.5,1,0,NA,1,0.166666666666667,0,0,0.4,0.2,0
04a5,0.5,0.5,1,NA,NA,1,0.25,0,1,0,0.2,1
04a7,0,0.5,1,0,NA,0,0,0,0,0,0.2,0
04a8,0.833333333333333,0.5,1,NA,NA,0,0.166666666666667,0,1,0.333333333333333,0.2,1
04a9,0.571428571428571,0.5,0,0.333333333333333,NA,0,0.2,0,0,1,0.2,0
04a10,0.5,0.5,1,0.333333333333333,NA,1,0.5,0,1,0.4,0.2,0
04a11,0,0.5,0,NA,NA,0,0.5,0,0,0.571428571428571,0.2,0
04a13,0.6,0.5,0,NA,NA,0,0,0,1,0,0.2,1
04a14,NaN,0.5,0,NA,NA,0,0.125,0,0,0.4,0.2,0
04a15,0.6,0.5,0,NA,NA,0,0.25,0,0,0.5,0.2,0
04a16,0.5,0.5,1,0,NA,0,0,0,0,0.333333333333333,0.2,0
04a18,0.333333333333333,0.5,1,NA,NA,0,NaN,0,1,NaN,0.2,1
04a19,0.5,0.5,1,NA,NA,1,0.125,0,1,0.666666666666667,0.2,1
04a20,0.428571428571429,0.5,0,0,NA,0,0,0,0,0.5,0.2,0
04a21,0.571428571428571,0.5,0,0.5,NA,0,0.333333333333333,0,0,0.333333333333333,0.2,0
04a23,0.666666666666667,0.5,0,NA,NA,0,0.222222222222222,0,0,0.666666666666667,0.2,1
04a24,0.5,0.5,0,NA,NA,0,0.285714285714286,0,0,0.5,0.2,0
04a25,0.333333333333333,0.5,1,0,NA,0,0.25,0,0,0.666666666666667,0.2,0
04b1,NaN,0,1,0.333333333333333,0.25,1,0.0909090909090909,0.5,1,0.111111111111111,0.25,1
04b2,0,0,0,0,0.25,0,0.2,0.5,1,0.5,0.25,0
04b3,0.25,0,1,0.428571428571429,0.25,1,0.2,0.5,1,0,0.25,0
04b4,0.25,0,1,0.5,0.25,0,0.4,0.5,0,0.333333333333333,0.25,0
04b6,0.5,0,0,0.444444444444444,0.25,0,0.333333333333333,0.5,0,0,0.25,0
04b8,0,0,0,0.333333333333333,0.25,0,0.25,0.5,0,0.25,0.25,0
04b9,0.25,0,1,0.230769230769231,0.25,1,0.4,0.5,0,0.307692307692308,0.25,0
04b10,0.2,0,0,0.333333333333333,0.25,1,0,0.5,1,0,0.25,1
04b11,0.333333333333333,0,0,0.5,0.25,0,0.2,0.5,0,0,0.25,0
04b13,0,0,0,0.333333333333333,0.25,0,0,0.5,0,0,0.25,0
04b14,0.333333333333333,0,0,0.333333333333333,0.25,0,0.2,0.5,0,0.2,0.25,0
04b15,0.5,0,0,0.428571428571429,0.25,0,0.285714285714286,0.5,0,0,0.25,0
04b16,0.333333333333333,0,0,0,0.25,0,0.5,0.5,0,0,0.25,0
04b17,0.166666666666667,0,0,0.25,0.25,0,0.5,0.5,0,0.5,0.25,0
04b18,0,0,0,0,0.25,0,0.5,0.5,0,NaN,0.25,0
04b19,NaN,0,0,0,0.25,0,0.333333333333333,0.5,0,0,0.25,0
04b21,0,0,0,0.5,0.25,0,0.428571428571429,0.5,0,0.285714285714286,0.25,1
04b23,NaN,0,0,0,0.25,0,0,0.5,0,0.2,0.25,0
04c1,0.6,0.5,0,0.25,0.25,0,NA,NA,0,0.222222222222222,0.25,0
04c2,0.6,0.5,0,0.2,0.25,0,0.4,NA,0,0.25,0.25,0
04c6,0.666666666666667,0.5,1,0.5,0.25,1,0,NA,1,NaN,0.25,1
04c8,0.444444444444444,0.5,1,0.666666666666667,0.25,0,NA,NA,0,0.5,0.25,0
04c10,0.6,0.5,1,0.75,0.25,1,0.5,NA,0,1,0.25,0
04c11,1,0.5,0,0.6,0.25,0,0.3,NA,NA,0.363636363636364,0.25,0
04c12,NaN,0.5,1,0.333333333333333,0.25,0,NA,NA,0,0.2,0.25,0
04c13,0.571428571428571,0.5,0,0.5,0.25,0,0.571428571428571,NA,0,0.666666666666667,0.25,0
04c16,1,0.5,1,0,0.25,1,NA,NA,1,0,0.25,1
04c17,0.428571428571429,0.5,0,0.2,0.25,0,0.5,NA,0,0.5,0.25,0
04c18,0.416666666666667,0.5,0,0.333333333333333,0.25,0,0.166666666666667,NA,0,0.5,0.25,0
04c20,NaN,0.5,0,0,0.25,0,0,NA,0,0,0.25,0
04c21,0.666666666666667,0.5,0,0.333333333333333,0.25,0,0.714285714285714,NA,1,0.5,0.25,0
04c23,0.666666666666667,0.5,0,0,0.25,1,0.666666666666667,NA,1,0.5,0.25,0
04d1,0.25,NA,1,0,NA,0,0.333333333333333,0,0,NaN,0.25,0
04d3,NaN,NA,1,NA,NA,1,0,0,1,0.5,0.25,1
04d6,0.571428571428571,NA,0,0,NA,0,0,0,0,0,0.25,0
04d7,0.333333333333333,NA,0,0,NA,0,0,0,0,0.333333333333333,0.25,0
04d8,NA,NA,0,NA,NA,0,0.4,0,0,0.666666666666667,0.25,0
04d12,NA,NA,0,0.444444444444444,NA,0,0.25,0,0,0.25,0.25,0
04d13,NaN,NA,NA,NA,NA,0,0.5,0,1,1,0.25,0
04d15,NA,NA,1,0.375,NA,NA,0.6,0,0,0.333333333333333,0.25,1
04d17,0,NA,1,0,NA,1,0.2,0,1,0,0.25,1
04d20,0.333333333333333,NA,0,0,NA,1,0,0,0,0,0.25,1
04d22,NA,NA,1,0.2,NA,0,0,0,0,0.25,0.25,0
04d23,0,NA,0,0,NA,0,0,0,0,0,0.25,0
04e2,0.4,NA,0,0.5,0.75,1,NA,NA,1,0.4,0,0
04e3,0.8,NA,1,0.5,0.75,1,1,NA,1,0.666666666666667,0,1
04e4,0.714285714285714,NA,1,0,0.75,0,0.6,NA,0,0.5,0,0
04e5,0.75,NA,1,0,0.75,0,NaN,NA,0,0,0,1
04e6,NA,NA,1,0,0.75,0,0.5,NA,0,0.25,0,0
04e8,NA,NA,1,0,0.75,0,0,NA,1,0,0,1
04e10,0.5,NA,0,0.666666666666667,0.75,0,NA,NA,1,0.2,0,1
04e11,1,NA,0,NaN,0.75,0,NaN,NA,0,NaN,0,0
04e12,1,NA,1,0,0.75,0,0.333333333333333,NA,0,0,0,0
04e14,1,NA,1,0.5,0.75,1,0.4,NA,1,1,0,1
04e15,0.833333333333333,NA,1,0.333333333333333,0.75,1,1,NA,1,0.5,0,1
04e16,0.666666666666667,NA,0,0,0.75,0,NA,NA,0,0.5,0,0
04e17,0.875,NA,1,0.5,0.75,0,1,NA,1,1,0,1
04e18,NA,NA,0,0,0.75,0,0,NA,1,0,0,0
04e21,0.555555555555556,NA,1,0.25,0.75,1,0.875,NA,1,0.333333333333333,0,0
04e22,NA,NA,0,0,0.75,0,0.4,NA,0,0.333333333333333,0,0
04e23,NaN,NA,1,0.142857142857143,0.75,0,NA,NA,1,0,0,0
04e24,NA,NA,0,0,0.75,0,0.333333333333333,NA,0,0.333333333333333,0,0
05a1,0.428571428571429,0.333333333333333,0,0.333333333333333,0,0,NA,NA,0,0,0,0
05a2,0.4,0.333333333333333,0,0.333333333333333,0,1,0.166666666666667,NA,NA,0.125,0,0
05a3,NaN,0.333333333333333,0,0,0,0,1,NA,0,0.333333333333333,0,1
05a4,NaN,0.333333333333333,1,0,0,0,0.333333333333333,NA,1,0,0,1
05a5,0.333333333333333,0.333333333333333,0,0.166666666666667,0,0,NA,NA,0,0.285714285714286,0,0
05a7,NaN,0.333333333333333,1,NaN,0,0,NaN,NA,0,0.25,0,1
05a8,1,0.333333333333333,0,0.333333333333333,0,0,0.6,NA,0,0.333333333333333,0,0
05a10,1,0.333333333333333,1,0,0,0,0.5,NA,0,0,0,0
05a11,0.666666666666667,0.333333333333333,0,0.5,0,1,0.25,NA,1,0,0,0
05a12,0,0.333333333333333,1,0.5,0,1,0.5,NA,1,0.25,0,0
05a13,1,0.333333333333333,0,1,0,0,0,NA,0,0,0,0
05a14,0.571428571428571,0.333333333333333,0,1,0,0,NA,NA,0,0,0,0
05a15,0,0.333333333333333,1,0,0,1,0,NA,0,0,0,0
05a16,0.285714285714286,0.333333333333333,1,0.25,0,0,NA,NA,0,0.25,0,0
05a17,0.333333333333333,0.333333333333333,1,0.111111111111111,0,0,NA,NA,1,0.3,0,0
05a18,0.333333333333333,0.333333333333333,1,0.25,0,0,0.333333333333333,NA,0,0,0,0
05b2,NA,NA,1,0,0.2,1,0.0909090909090909,0.2,0,0.181818181818182,0.2,0
05b3,0.4,NA,1,0.2,0.2,0,0,0.2,0,0.333333333333333,0.2,1
05b4,NA,NA,0,0.166666666666667,0.2,0,0.1,0.2,0,0.25,0.2,1
05b5,0.333333333333333,NA,0,0,0.2,0,0.166666666666667,0.2,0,0.333333333333333,0.2,0
05b7,0.2,NA,1,0,0.2,0,0.111111111111111,0.2,0,0.181818181818182,0.2,0
05b9,0.285714285714286,NA,1,0.166666666666667,0.2,0,0.142857142857143,0.2,0,0.285714285714286,0.2,0
05b12,NA,NA,0,0,0.2,0,0,0.2,1,0.125,0.2,1
05b14,1,NA,0,0,0.2,0,0.142857142857143,0.2,0,0.333333333333333,0.2,0
05b17,0,NA,0,0,0.2,0,0.142857142857143,0.2,0,0.2,0.2,0
05b18,0.5,NA,0,0,0.2,0,0,0.2,0,0,0.2,0
05b19,0.333333333333333,NA,1,0,0.2,0,0,0.2,0,0.2,0.2,0
05b21,0,NA,1,0.1,0.2,0,0,0.2,1,0,0.2,1
05b22,0.5,NA,0,0,0.2,0,0.142857142857143,0.2,0,0.2,0.2,0
05b23,0.666666666666667,NA,0,0.142857142857143,0.2,0,0,0.2,0,NaN,0.2,0
05b24,0.4,NA,NA,0.2,0.2,0,0.2,0.2,0,0.5,0.2,0
05b25,0,NA,0,0.142857142857143,0.2,0,0,0.2,0,0,0.2,0
05b27,NA,NA,1,0.1,0.2,0,0,0.2,0,0.25,0.2,0
05b28,1,NA,0,0.142857142857143,0.2,0,0,0.2,0,0.4,0.2,0
05b29,1,NA,1,0.111111111111111,0.2,1,0.25,0.2,0,0.333333333333333,0.2,1
05c1,0.875,1,1,0.222222222222222,0.2,0,0.888888888888889,0.6,0,0.625,0.6,0
05c3,1,1,0,0,0.2,0,0.5,0.6,1,0.5,0.6,1
05c4,0.75,1,1,0,0.2,0,0.5,0.6,1,0.5,0.6,1
05c5,NA,1,0,0,0.2,0,0.2,0.6,0,0.25,0.6,0
05c6,NA,1,NA,0.153846153846154,0.2,0,0.545454545454545,0.6,0,0.5,0.6,0
05c7,NA,1,0,0,0.2,0,0,0.6,0,0.333333333333333,0.6,0
05c8,0,1,0,0.333333333333333,0.2,0,0.555555555555556,0.6,0,0.5,0.6,0
05c9,NaN,1,0,0,0.2,0,0.285714285714286,0.6,0,NA,0.6,0
05c10,0.4,1,0,0.166666666666667,0.2,0,0.636363636363636,0.6,0,0.4,0.6,0
05c11,NA,1,1,0.125,0.2,1,0.4,0.6,1,0.4,0.6,1
05c12,NA,1,0,NaN,0.2,0,0.75,0.6,0,0.75,0.6,0
05c13,0.333333333333333,1,NA,0,0.2,0,0.142857142857143,0.6,0,0,0.6,1
05c15,1,1,1,0,0.2,1,0.714285714285714,0.6,1,0.571428571428571,0.6,1
05c16,0.833333333333333,1,1,0,0.2,0,0.4,0.6,0,0.25,0.6,0
05c17,1,1,1,0.2,0.2,0,0.5,0.6,1,0.5,0.6,1
05c19,1,1,1,0.333333333333333,0.2,0,0.454545454545455,0.6,1,0.6,0.6,0
05c20,NA,1,1,0,0.2,0,0,0.6,0,0,0.6,NA
05c21,0.5,1,NA,0,0.2,0,0,0.6,0,NaN,0.6,0
05c24,0,1,1,0.333333333333333,0.2,0,0.333333333333333,0.6,0,0.25,0.6,0
05c25,0.5,1,1,0,0.2,0,0.25,0.6,0,0.5,0.6,0
05c26,1,1,0,0.25,0.2,0,0.428571428571429,0.6,0,NA,0.6,0
05c28,NA,1,1,0,0.2,0,0,0.6,1,0,0.6,1
05d2,0.4,0.5,0,0,NA,0,0.714285714285714,0.25,0,0.5,0.5,1
05d5,NaN,0.5,1,NA,NA,0,0,0.25,0,0,0.5,0
05d7,0.8,0.5,0,0.75,NA,0,0.75,0.25,1,1,0.5,0
05d8,1,0.5,0,NA,NA,0,0.166666666666667,0.25,0,0,0.5,0
05d9,NaN,0.5,NA,1,NA,0,0.2,0.25,0,0.5,0.5,0
05d10,0,0.5,1,0.333333333333333,NA,0,0.5,0.25,1,0.6,0.5,1
05d12,0.375,0.5,0,0.5,NA,0,0.25,0.25,1,0.333333333333333,0.5,1
05d14,NaN,0.5,1,0.5,NA,1,0.75,0.25,1,0.6,0.5,1
05d16,0.333333333333333,0.5,1,NA,NA,0,0.583333333333333,0.25,0,0.545454545454545,0.5,0
05d17,1,0.5,0,0.666666666666667,NA,1,0,0.25,1,0.333333333333333,0.5,1
05d18,0.333333333333333,0.5,1,0.5,NA,1,0.75,0.25,1,0.6,0.5,1
05d19,0,0.5,1,NA,NA,0,0.285714285714286,0.25,0,0,0.5,0
05d20,0,0.5,1,NA,NA,1,0.5,0.25,1,0.714285714285714,0.5,1
05d21,0.5,0.5,1,0.75,NA,0,0.666666666666667,0.25,1,0.555555555555556,0.5,1
05d22,0.5,0.5,0,0.333333333333333,NA,0,0.5,0.25,1,0.666666666666667,0.5,0
05d23,0.75,0.5,1,0.666666666666667,NA,1,1,0.25,0,0.75,0.5,1
05d24,NA,0.5,1,NA,NA,1,0,0.25,1,0,0.5,1
05d25,0.666666666666667,0.5,0,NA,NA,0,0.25,0.25,0,0,0.5,0
05e1,0.714285714285714,0.75,0,0,0.5,0,0.5,NA,0,0.333333333333333,0.75,0
05e3,0.75,0.75,0,0.5,0.5,0,0.333333333333333,NA,0,0,0.75,0
05e4,0.6,0.75,1,0.666666666666667,0.5,1,0.666666666666667,NA,1,0.5,0.75,1
05e5,NA,0.75,1,1,0.5,1,NA,NA,1,0.6,0.75,1
05e8,0.666666666666667,0.75,0,0,0.5,0,0.5,NA,0,0.333333333333333,0.75,0
05e10,NA,0.75,1,0.4,0.5,1,0.666666666666667,NA,1,0.4,0.75,1
05e11,0.666666666666667,0.75,0,1,0.5,1,NA,NA,0,0.833333333333333,0.75,0
05e12,0.666666666666667,0.75,1,1,0.5,1,NA,NA,1,0.6,0.75,1
05e13,0.5,0.75,0,0,0.5,0,0.5,NA,0,0.6,0.75,0
05e14,NA,0.75,1,0.333333333333333,0.5,0,0.4,NA,1,0.666666666666667,0.75,0
05e15,0.5,0.75,0,0,0.5,0,0.5,NA,1,0.333333333333333,0.75,1
05e16,NA,0.75,NA,0.571428571428571,0.5,0,0.5,NA,0,NaN,0.75,0
05e17,0,0.75,1,0.333333333333333,0.5,0,0,NA,1,0.4,0.75,1
05e18,NA,0.75,1,0.666666666666667,0.5,0,0.666666666666667,NA,0,0.428571428571429,0.75,0
05e19,0,0.75,1,0,0.5,0,NA,NA,0,0.5,0.75,1
05e20,0.8,0.75,1,1,0.5,1,0.6,NA,1,0.833333333333333,0.75,0
05e21,NA,0.75,1,0.2,0.5,1,0.25,NA,1,0.4,0.75,0
05e22,0,0.75,0,0.5,0.5,0,0.25,NA,1,0,0.75,0
05e23,0,0.75,0,0,0.5,0,1,NA,0,0,0.75,0
05f1,0.333333333333333,0.333333333333333,0,0.333333333333333,0.25,0,0.333333333333333,0.333333333333333,0,0,0,0
05f3,NaN,0.25,0,0.25,0.25,0,0.333333333333333,0.333333333333333,0,0,0,0
05f5,0.333333333333333,0.333333333333333,0,0,0.25,0,0,0.333333333333333,0,0,0,0
05f6,0,0.333333333333333,1,0,0.25,1,0,0.333333333333333,0,0,0,0
05f7,0.333333333333333,0.333333333333333,0,0,0.25,0,NA,0.333333333333333,0,0,0,0
05f8,0.333333333333333,0.333333333333333,0,0,0,0,NA,0.333333333333333,1,0,0,0
05f11,0.166666666666667,0.25,1,NaN,0,0,NaN,0.333333333333333,NA,0,0,0
05f12,0.375,0.333333333333333,0,0.166666666666667,0.25,1,NA,0.333333333333333,1,0,0,0
05f13,0,0.333333333333333,1,0,0.25,1,0,0.333333333333333,1,0,0,0
05f15,NaN,0.333333333333333,0,0,0,0,0.333333333333333,0.333333333333333,0,0,0,0
05f16,0.25,0.333333333333333,1,0.333333333333333,0.25,0,0.5,0.333333333333333,1,0,0,0
05g1,NA,NA,1,0,1,1,NA,0.333333333333333,1,NA,1,1
05g2,0.8,NA,1,1,1,1,0.666666666666667,0.333333333333333,1,1,1,1
05g3,NA,NA,1,1,1,0,1,0.333333333333333,0,NA,1,1
05g5,NA,NA,0,1,1,0,1,0.333333333333333,0,NA,1,1
05g6,1,NA,0,1,1,0,1,0.333333333333333,0,1,1,0
05g8,1,NA,0,1,1,0,0.666666666666667,0.333333333333333,0,0.8,1,0
05g9,NA,NA,1,0.6,1,1,NA,0.333333333333333,0,NA,1,1
05g10,0.666666666666667,NA,1,0.666666666666667,1,1,NA,0.333333333333333,1,NA,1,1
05g11,NA,NA,1,0,1,0,0.5,0.333333333333333,1,1,1,1
05g12,NA,NA,0,0,1,0,1,0.333333333333333,1,1,1,1
05g14,NA,NA,1,0.5,1,1,0.333333333333333,0.333333333333333,1,0.75,1,1
05g15,0.666666666666667,NA,1,0.666666666666667,1,1,0.333333333333333,0.333333333333333,1,0.6,1,1
05g16,0.666666666666667,NA,1,0.6,1,1,0.714285714285714,0.333333333333333,0,0.75,1,0
05g17,0,NA,1,0.5,1,1,0.5,0.333333333333333,1,0.5,1,1
05g18,0.5,NA,NA,0,1,0,1,0.333333333333333,0,1,1,1
05h1,NA,1,0,0.666666666666667,0.5,0,NA,0,0,0,0.333333333333333,0
05h2,0.666666666666667,1,0,NA,0.25,0,0.5,0,0,NA,0.333333333333333,0
05h5,0.428571428571429,1,0,NA,0.25,0,NA,0,0,0,0.333333333333333,0
05h6,0,1,NA,0.5,0.25,0,NA,0,0,0,0.333333333333333,0
05h7,NA,1,1,0.5,0.5,0,NA,0,0,NA,0.333333333333333,0
05h8,0.666666666666667,1,1,0.25,0.333333333333333,1,0,0,1,0.5,0.333333333333333,0
05h9,NA,1,0,NA,0.25,1,0.2,0,NA,NA,0.333333333333333,0
05h10,NA,1,1,0.25,0.333333333333333,1,0.166666666666667,0,0,0.2,0.333333333333333,1
05h11,0.8,1,0,0.5,0.4,0,NA,0,0,0,0.333333333333333,0
05h12,0.333333333333333,1,0,NaN,0.5,NA,NaN,0,0,NaN,0.333333333333333,NA
05h16,0.428571428571429,1,1,0.5,0.5,0,0.25,0,0,0.25,0.333333333333333,1
06a2,0.5,0.6,0,0.384615384615385,0.6,1,0.1,0.2,1,0.3,0.2,0
06a3,NaN,0.6,1,0.4,0.6,1,0.5,0.2,0,0.6,0.2,0
06a5,0.333333333333333,0.6,0,0,0.6,0,0,0.2,0,NaN,0.2,0
06a6,0.5,0.6,1,0.75,0.6,0,0.333333333333333,0.2,0,0.5,0.2,1
06a7,0.25,0.6,0,0.166666666666667,0.6,0,0,0.2,0,0,0.2,0
06a9,0.166666666666667,0.6,0,0.5,0.6,0,0.142857142857143,0.2,0,0.142857142857143,0.2,1
06a10,0.25,0.6,0,0.25,0.6,0,0.444444444444444,0.2,0,0.4,0.2,0
06a11,0.5,0.6,0,0.333333333333333,0.6,0,0.428571428571429,0.2,0,0.25,0.2,0
06a12,0.333333333333333,0.6,1,1,0.6,1,0.25,0.2,1,0.333333333333333,0.2,1
06a13,0.4,0.6,1,0.142857142857143,0.6,1,1,0.2,1,0.333333333333333,0.2,1
06a14,0,0.6,0,0,0.6,0,0,0.2,0,0,0.2,0
06a15,0.333333333333333,0.6,0,0.5,0.6,0,0,0.2,0,0,0.2,0
06a16,0,0.6,0,0.5,0.6,0,0,0.2,0,0.4,0.2,0
06a17,0.4,0.6,1,0.6,0.6,1,0.166666666666667,0.2,1,0.666666666666667,0.2,0
06a18,0.4,0.6,1,0,0.6,0,0.5,0.2,0,0.25,0.2,1
06a20,0,0.6,1,0.333333333333333,0.6,1,0.4,0.2,1,0.5,0.2,0
06a21,0,0.6,0,0.571428571428571,0.6,0,0.666666666666667,0.2,0,0.2,0.2,0
06a22,0.6,0.6,0,0.25,0.6,0,0.333333333333333,0.2,0,0.5,0.2,0
06a23,0.4,0.6,0,0.5,0.6,1,0.428571428571429,0.2,0,0.4,0.2,0
06a24,0.666666666666667,0.6,1,0.6,0.6,0,0,0.2,1,0.5,0.2,1
06a25,0.5,0.6,1,0.222222222222222,0.6,0,0.5,0.2,0,0.428571428571429,0.2,0
06a26,0,0.6,0,0.545454545454545,0.6,0,0.25,0.2,0,0.142857142857143,0.2,0
06a27,0.666666666666667,0.6,0,0.363636363636364,0.6,0,0.666666666666667,0.2,1,0.25,0.2,1
06a28,0,0.6,0,0.75,0.6,0,1,0.2,0,0,0.2,0
06b1,0.333333333333333,0.6,0,0,0.2,0,0,0.2,0,0,0.2,0
06b2,0.666666666666667,0.6,0,0,0.2,0,0,0.2,0,0,0.2,0
06b3,0.4,0.6,0,0.2,0.2,0,0.142857142857143,0.166666666666667,0,0.2,0.2,0
06b4,0.5,0.6,0,0.333333333333333,0.2,0,0.2,0.2,0,0.2,0.2,0
06b5,1,0.6,1,0,0.2,0,0.333333333333333,0.2,1,0,0.2,0
06b7,0,0.6,1,0.2,0.2,0,0.166666666666667,0.2,0,0.2,0.2,0
06b8,1,0.6,0,0.166666666666667,0.2,0,0.125,0.166666666666667,0,0,0.2,0
06b9,0,0.6,0,0,0.2,0,0,0.166666666666667,0,NaN,0.2,0
06b10,1,0.6,1,0,0.2,1,0,0.2,1,0,0.2,0
06b11,0.2,0.6,0,0.25,0.2,0,0,0.2,0,0,0.2,0
06b12,NaN,0.6,0,0,0.2,0,0,0.166666666666667,0,0,0.2,0
06b13,0.75,0.6,0,0.666666666666667,0.2,0,0.2,0.2,0,0,0.2,0
06b15,0.6,0.6,0,0.25,0.2,0,0.166666666666667,0.2,0,0.2,0.2,0
06b16,0.5,0.6,1,0.25,0.2,0,0.2,0.2,0,0,0.2,1
06b18,0.25,0.6,1,0.428571428571429,0.2,0,0.125,0.2,0,0.142857142857143,0.2,0
06b19,0.4,0.6,0,0.333333333333333,0.2,1,0.166666666666667,0.2,0,0.142857142857143,0.2,0
06b20,0.5,0.6,1,0.5,0.2,1,0,0.2,1,0,0.2,1
06b23,NaN,0.6,0,0.375,0.2,0,0.25,0.166666666666667,0,0.25,0.2,0
06b24,0.5,0.6,0,0,0.2,0,0,0.166666666666667,0,0,0.2,0
06b25,0.5,0.6,0,0.2,0.2,0,0.25,0.2,0,0,0.2,0
06b26,0.8,0.6,1,0.2,0.2,0,0.666666666666667,0.2,0,0,0.2,0
06b28,NaN,0.6,0,0,0.2,0,0.25,0.2,0,0,0.2,0
06c1,NaN,NA,0,0,0.6,0,NaN,0.4,0,NaN,0.4,0
06c2,0.5,NA,1,0.2,0.6,0,0,0.4,1,1,0.4,1
06c3,1,NA,0,0,0.6,0,0.25,0.4,0,1,0.4,0
06c4,NA,NA,0,0.625,0.6,0,0.428571428571429,0.4,0,0.375,0.4,0
06c6,0.375,NA,1,0.5,0.6,0,0.666666666666667,0.4,0,0.666666666666667,0.4,0
06c8,0.5,NA,0,0.25,0.6,0,0.384615384615385,0.4,0,0.142857142857143,0.4,0
06c9,NaN,NA,1,0.25,0.6,0,NaN,0.4,0,NaN,0.4,0
06c10,0.166666666666667,NA,1,0.4,0.6,0,0.333333333333333,0.4,0,0.25,0.4,0
06c11,0.666666666666667,NA,0,0.4,0.6,0,0.166666666666667,0.4,0,0.375,0.4,0
06c12,0.25,NA,1,0,0.6,1,0.5,0.4,1,0.25,0.4,1
06c13,0.4,NA,NA,0,0.6,0,0,0.4,0,0.2,0.4,0
06c14,NA,NA,1,0.454545454545455,0.6,1,0.428571428571429,0.4,1,0.454545454545455,0.4,1
06c15,0.6,NA,0,0.666666666666667,0.6,0,0.666666666666667,0.4,0,0.5,0.4,0
06c16,NaN,NA,0,0.5,0.6,0,0.666666666666667,0.4,0,0.25,0.4,0
06c18,NA,NA,0,0.4,0.6,0,0.4,0.4,0,0.6,0.4,0
06c19,0,NA,0,1,0.6,0,0.333333333333333,0.4,0,0.25,0.4,0
06c20,0.5,NA,1,0.4,0.6,1,0.5,0.4,1,0.375,0.4,1
06c21,0.5,NA,0,0.666666666666667,0.6,0,0.333333333333333,0.4,0,0.333333333333333,0.4,0
06c22,NA,NA,0,0.4,0.6,0,0.625,0.4,0,0.6,0.4,0
06c23,NA,NA,1,0.272727272727273,0.6,1,0.333333333333333,0.4,1,0.5,0.4,1
06c25,NA,NA,0,0.4,0.6,0,0.6,0.4,1,0.4,0.4,1
06c26,0.5,NA,1,0.2,0.6,0,0.333333333333333,0.4,0,0.666666666666667,0.4,0
06c27,0.5,NA,1,0.166666666666667,0.6,1,0.25,0.4,1,0.166666666666667,0.4,1
06c28,0.5,NA,1,0.333333333333333,0.6,1,0.25,0.4,1,0.2,0.4,1
06d1,0.5,0.25,0,0.333333333333333,0,0,0.25,0.5,0,0.166666666666667,0.5,1
06d2,0.5,0.25,0,0.166666666666667,0,0,0.166666666666667,0.5,0,0.6,0.5,0
06d3,0.6,0.25,1,0.222222222222222,0,0,0.363636363636364,0.5,0,0.555555555555556,0.5,0
06d4,0.2,0.25,0,0.333333333333333,0,0,0.5,0.5,0,0.5,0.5,0
06d5,0.5,0.25,0,0.5,0,0,0.25,0.5,0,0.333333333333333,0.5,0
06d9,0.4,0.25,1,0,0,1,0,0.5,1,0.333333333333333,0.5,1
06d10,0.5,0.25,1,0.25,0,1,0.166666666666667,0.5,1,0.333333333333333,0.5,1
06d12,0.333333333333333,0.25,1,0,0,0,0.333333333333333,0.5,0,0,0.5,0
06d14,0.666666666666667,0.25,0,0,0,0,0.4,0.5,0,0,0.5,0
06d15,0.4,0.25,0,0,0,0,0.5,0.5,1,0,0.5,1
06d16,0.142857142857143,0.25,1,0,0,0,0.375,0.5,1,0.444444444444444,0.5,0
06d17,0.5,0.25,0,0.25,0,0,0.428571428571429,0.5,0,0.333333333333333,0.5,0
06d18,0.454545454545455,0.25,0,NaN,0,0,0.375,0.5,0,0.25,0.5,0
06d19,0.666666666666667,0.25,0,0,0,0,0.333333333333333,0.5,0,0,0.5,0
06d20,NaN,0.25,1,1,0,0,NaN,0.5,0,0.25,0.5,1
06d21,0.5,0.25,0,0.75,0,0,0.333333333333333,0.5,0,0.333333333333333,0.5,0
06d22,0.583333333333333,0.25,0,0,0,0,0.307692307692308,0.5,0,0.5,0.5,0
06d23,0.333333333333333,0.25,1,0,0,0,0,0.5,1,0,0.5,0
06d24,1,0.25,1,0.5,0,1,0,0.5,1,0,0.5,1
06d25,0.333333333333333,0.25,0,0.166666666666667,0,0,0.333333333333333,0.5,0,0.428571428571429,0.5,0
06d26,0.428571428571429,0.25,0,0.5,0,1,0.333333333333333,0.5,0,0.333333333333333,0.5,0
06e1,0.5,0.6,0,0,0.6,0,0.333333333333333,0.4,0,0,0.6,0
06e2,0.5,0.6,0,0.25,0.6,0,0,0.4,0,0.5,0.6,0
06e4,0.25,0.6,1,0.75,0.6,1,0.333333333333333,0.4,1,0.333333333333333,0.6,1
06e5,0.166666666666667,0.6,0,0.25,0.6,0,0.6,0.4,0,NA,0.6,0
06e6,0,0.6,0,0.571428571428571,0.6,0,0.666666666666667,0.4,0,0.75,0.6,0
06e7,1,0.6,0,0,0.6,NA,0.5,0.4,1,NA,0.6,0
06e8,0.333333333333333,0.6,0,NA,0.6,1,0.571428571428571,0.4,1,0.363636363636364,0.6,1
06e10,0.6,0.6,1,NA,0.6,1,1,0.4,1,0.25,0.6,1
06e11,0,0.6,1,0.333333333333333,0.6,1,0.666666666666667,0.4,1,NA,0.6,1
06e13,0.333333333333333,0.6,1,NA,0.6,0,0.5,0.4,0,NA,0.6,0
06e14,0.666666666666667,0.6,1,1,0.6,1,0.5,0.4,1,1,0.6,1
06e16,0.333333333333333,0.6,0,0.6,0.6,0,0.4,0.4,0,0.5,0.6,0
06e17,0.333333333333333,0.6,0,0.5,0.6,0,0.571428571428571,0.4,0,NA,0.6,0
06e18,0.571428571428571,0.6,1,1,0.6,1,NaN,0.4,1,0.4,0.6,1
06e19,0,0.6,0,0,0.6,0,NaN,0.4,0,0,0.6,1
06e21,0.333333333333333,0.6,1,0.8,0.6,1,1,0.4,1,0.25,0.6,1
06e22,1,0.6,0,1,0.6,1,1,0.4,1,1,0.6,1
06e23,0.5,0.6,0,0.4,0.6,0,0.666666666666667,0.4,0,0.333333333333333,0.6,NA
06e24,1,0.6,0,0.285714285714286,0.6,1,0.4,0.4,1,0.6,0.6,1
06e25,0.4,0.6,1,NA,0.6,1,0.4,0.4,1,0.666666666666667,0.6,0
06e26,0.333333333333333,0.6,0,0.333333333333333,0.6,0,0.75,0.4,1,0.571428571428571,0.6,0
06e27,0.428571428571429,0.6,0,NA,0.6,1,0.5,0.4,1,NA,0.6,0
06e28,0.5,0.6,0,0,0.6,0,0.5,0.4,0,NA,0.6,0
06f1,0.5,0.2,0,0.571428571428571,0.6,0,0.333333333333333,0.4,0,0.6,0.6,0
06f2,0.5,0.2,0,0.5,0.6,0,0,0.4,0,0.5,0.6,0
06f3,0,0.2,1,0.2,0.6,1,0.2,0.4,1,0.25,0.6,1
06f5,1,0.2,0,0.5,0.6,0,0.6,0.4,0,0.6,0.6,1
06f6,NaN,0.2,0,NaN,0.6,1,NaN,0.4,1,NaN,0.6,1
06f7,0,0.2,1,0.5,0.6,0,0.666666666666667,0.4,0,0.75,0.6,0
06f9,0.333333333333333,0.2,0,0,0.6,0,0,0.4,0,0.5,0.6,0
06f10,1,0.2,0,0.333333333333333,0.6,0,0.5,0.4,0,0.333333333333333,0.6,0
06f11,0.833333333333333,0.2,1,0.5,0.6,1,0.555555555555556,0.4,1,0.5,0.6,1
06f12,0.714285714285714,0.2,1,0.3,0.6,1,0.454545454545455,0.4,0,0.25,0.6,1
06f13,0.2,0.2,0,0,0.6,0,0.428571428571429,0.4,0,0.571428571428571,0.6,1
06f14,0.5,0.2,1,0.5,0.6,1,0.2,0.4,1,NaN,0.6,1
06f15,0.2,0.2,0,0,0.6,0,0,0.4,0,0.333333333333333,0.6,0
06f16,0,0.2,1,0.666666666666667,0.6,0,0.5,0.4,0,0.75,0.6,1
06f17,0.25,0.2,0,0.333333333333333,0.6,0,1,0.4,1,1,0.6,1
06f19,0,0.2,1,0.428571428571429,0.6,0,0.375,0.4,0,0.571428571428571,0.6,0
06f21,NaN,0.2,0,NaN,0.6,0,NaN,0.4,0,NaN,0.6,0
06f22,0.636363636363636,0.2,1,0.375,0.6,0,1,0.4,1,1,0.6,0
06f23,0,0.2,0,0,0.6,0,0.4,0.4,0,0.666666666666667,0.6,0
06f24,0.666666666666667,0.2,0,0.2,0.6,1,0.428571428571429,0.4,1,0.625,0.6,1
06f25,0.333333333333333,0.2,1,0.571428571428571,0.6,1,0.416666666666667,0.4,1,0.583333333333333,0.6,1
06f26,0.666666666666667,0.2,1,0.4,0.6,1,0.6,0.4,1,0.5,0.6,1
06f27,0,0.2,0,1,0.6,1,0,0.4,1,NaN,0.6,1
06f29,0.2,0.2,0,0.428571428571429,0.6,0,0.428571428571429,0.4,1,0.571428571428571,0.6,1
06g1,0.5,0.6,0,0.375,0.2,0,0.333333333333333,0.6,0,0.3,0,0
06g2,0.6,0.6,0,0.375,0.2,0,0.166666666666667,0.6,0,0.125,0,0
06g3,0,0.6,0,0,0.2,0,0.5,0.6,0,0,0,0
06g5,0.583333333333333,0.6,0,0.666666666666667,0.2,0,0.25,0.6,0,0.25,0,0
06g6,0,0.6,1,0.333333333333333,0.2,0,0.4,0.6,1,0.333333333333333,0,1
06g7,0.5,0.6,1,NaN,0.2,1,0.285714285714286,0.6,0,0.166666666666667,0,0
06g8,0.714285714285714,0.6,1,0.666666666666667,0.2,1,0.5,0.6,1,0,0,1
06g10,0.375,0.6,0,0.2,0.2,0,0.5,0.6,0,0.5,0,0
06g11,0.666666666666667,0.6,0,0,0.2,1,0.5,0.6,1,0.5,0,1
06g12,0,0.6,NA,0.666666666666667,0.2,0,1,0.6,0,0.166666666666667,0,0
06g13,0.777777777777778,0.6,0,0.4,0.2,0,0,0.6,1,0,0,1
06g14,0,0.6,0,0,0.2,0,0.666666666666667,0.6,0,0.333333333333333,0,0
06g15,0.428571428571429,0.6,0,1,0.2,0,0.666666666666667,0.6,0,0.142857142857143,0,0
06g16,0.5,0.6,1,0.25,0.2,1,0.142857142857143,0.6,1,NaN,0,1
06g17,0.5,0.6,1,1,0.2,1,0.545454545454545,0.6,1,1,0,1
06g18,1,0.6,1,1,0.2,1,0.8,0.6,1,0.75,0,1
06g19,0.333333333333333,0.6,1,0.2,0.2,0,0.5,0.6,0,0.111111111111111,0,0
06g20,0.25,0.6,0,0,0.2,0,0.333333333333333,0.6,1,0.333333333333333,0,0
06g22,0.714285714285714,0.6,0,1,0.2,1,1,0.6,1,1,0,1
06g23,0.25,0.6,1,0.222222222222222,0.2,0,0.5,0.6,0,0.125,0,0
06g25,0.75,0.6,1,0.5,0.2,1,1,0.6,0,1,0,0
06g28,0.333333333333333,0.6,1,0,0.2,1,0.333333333333333,0.6,1,0,0,1
06h1,NA,0.75,0,0,0.5,0,0.333333333333333,0.5,0,0.4,0,0
06h2,0,0.75,0,0,0.5,0,0,0.5,0,0,0,0
06h3,NaN,0.75,1,0.555555555555556,0.5,0,0.545454545454545,0.5,0,NaN,0,0
06h4,1,0.75,0,0.5,0.5,0,0.5,0.5,0,0.5,0,0
06h5,0,0.75,0,0,0.5,0,0,0.5,0,NaN,0,0
06h6,NA,0.75,0,1,0.5,0,0,0.5,0,0,0,0
06h7,NaN,0.75,0,0.714285714285714,0.5,0,NaN,0.5,0,NaN,0,0
06h8,NA,0.75,1,0.75,0.5,0,0.375,0.5,1,0.333333333333333,0,1
06h10,NaN,0.75,0,0.5,0.5,0,0.5,0.5,0,0,0,0
06h11,1,0.75,0,0.4,0.5,0,0.5,0.5,0,0.75,0,0
06h12,0.571428571428571,0.75,1,0.555555555555556,0.5,0,0.4,0.5,1,1,0,1
06h13,NA,0.75,0,0.5,0.5,0,0.75,0.5,0,0.75,0,1
06h14,NaN,0.75,1,0.333333333333333,0.5,1,0.333333333333333,0.5,1,0.285714285714286,0,1
06h17,0,0.75,0,0,0.5,0,0,0.5,0,0,0,0
06h18,NA,0.75,0,0,0.5,0,0.5,0.5,0,0.666666666666667,0,0
06h19,NA,0.75,NA,NaN,0.5,1,0.333333333333333,0.5,0,0.333333333333333,0,0
06h20,NA,0.75,0,0.5,0.5,0,0.5,0.5,0,0.25,0,0
06h21,0,0.75,0,0,0.5,0,0,0.5,0,0,0,0
06h22,0.8,0.75,1,0.666666666666667,0.5,1,0.666666666666667,0.5,1,1,0,1
06h23,0,0.75,0,0,0.5,0,0.142857142857143,0.5,0,0,0,0
06h25,0,0.75,0,0,0.5,0,0,0.5,0,0.2,0,0
06h26,0.75,0.75,1,0.166666666666667,0.5,1,0.333333333333333,0.5,1,0.5,0,1
06h27,1,0.75,1,1,0.5,1,1,0.5,0,NaN,0,1
06i1,0,0,0,NaN,0,0,0,0,0,0,0.25,0
06i2,0.5,0,0,0.333333333333333,0,0,0.2,0,0,0.4,0.25,0
06i3,NaN,0,0,0,0,0,0,0,0,0,0.25,0
06i4,0,0,1,0,0,0,0,0,0,0,0.25,0
06i5,0.333333333333333,0,1,0,0,0,0.25,0,0,0,0.25,0
06i6,NaN,0,0,0,0,0,0,0,0,0.1,0.25,0
06i7,0.333333333333333,0,0,0,0,0,0,0,0,0,0.25,0
06i8,0.5,0,1,0,0,1,0,0,1,0,0.25,1
06i10,0,0,0,0,0,0,0,0,0,0,0.25,0
06i11,0.5,0,1,0,0,0,0,0,1,0.25,0.25,1
06i13,0.5,0,0,0,0,0,0,0,0,0,0.25,0
06i14,0,0,0,0,0,0,0.2,0,0,0.4,0.25,0
06i15,0,0,0,0.25,0,0,0.333333333333333,0,0,0.333333333333333,0.25,0
06i16,0.333333333333333,0,1,0,0,0,0.25,0,0,0.25,0.25,1
06i17,0,0,0,0,0,0,0,0,0,0.2,0.25,0
06i18,0,0,0,0,0,0,0.5,0,0,0,0.25,0
06i19,0,0,0,0.25,0,0,0.166666666666667,0,0,0.5,0.25,0
06i20,0.75,0,0,0,0,0,0.142857142857143,0,0,0.333333333333333,0.25,0
06i21,1,0,1,0,0,1,0,0,1,0,0.25,1
06i22,0.4,0,1,0.333333333333333,0,0,0,0,1,0,0.25,1
06i23,0.5,0,1,0,0,0,0,0,0,0,0.25,0
07a1,0,0.333333333333333,0,0.25,0.333333333333333,0,0.25,0.333333333333333,0,1,0,1
07a4,NaN,0.333333333333333,0,NaN,0.333333333333333,0,0.5,0.333333333333333,0,1,0,0
07a5,0.333333333333333,0.333333333333333,0,0,0.333333333333333,0,0,0.333333333333333,0,0,0,0
07a6,0,0.333333333333333,1,0.5,0.333333333333333,0,0.5,0.333333333333333,0,0,0,1
07a7,0,0.333333333333333,0,0.333333333333333,0.333333333333333,0,0.333333333333333,0.333333333333333,0,0,0,0
07a8,0,0.333333333333333,0,0.166666666666667,0.333333333333333,0,0,0.333333333333333,0,0.333333333333333,0,0
07a13,0.333333333333333,0.333333333333333,0,0.25,0.333333333333333,0,0.25,0.333333333333333,1,0,0,1
07a14,0.2,0.333333333333333,0,0,0.333333333333333,0,0,0.333333333333333,0,0,0,0
07a15,0,0.333333333333333,1,0,0.333333333333333,0,0.25,0.333333333333333,0,0,0,0
07a16,0.2,0.333333333333333,0,0.142857142857143,0.333333333333333,0,0.25,0.333333333333333,0,0.4,0,0
07b1,NaN,NA,0,NaN,0.25,0,0,0.25,0,0,0.25,0
07b2,NaN,NA,1,NaN,0.25,0,NaN,0.25,0,0.333333333333333,0.25,0
07b5,0.428571428571429,NA,NA,0,0.25,1,0,0.25,1,0.375,0.25,1
07b6,0.6,NA,1,0,0.25,0,0.5,0.25,1,0.2,0.25,1
07b8,NA,NA,1,0.2,0.25,0,0.2,0.25,0,0.5,0.25,0
07b9,0.833333333333333,NA,0,0,0.25,0,0,0.25,0,0,0.25,0
07b10,0.5,NA,1,0,0.25,0,0.25,0.25,1,0.571428571428571,0.25,0
07b11,1,NA,0,0,0.25,1,0.5,0.25,0,1,0.25,0
07b12,0.5,NA,1,0.2,0.25,0,0.2,0.25,0,0.4,0.25,1
07b13,1,NA,1,1,0.25,1,1,0.25,1,1,0.25,1
07b14,1,NA,1,1,0.25,0,0.75,0.25,1,1,0.25,1
07b15,NA,NA,0,0.25,0.25,0,0.333333333333333,0.25,0,0.333333333333333,0.25,0
07b17,1,NA,1,0.5,0.25,1,1,0.25,1,1,0.25,1
07b18,NA,NA,0,0.2,0.25,0,0.25,0.25,0,0.333333333333333,0.25,0
07b22,1,NA,0,0,0.25,0,0.75,0.25,0,0.333333333333333,0.25,0
07b23,0.4,NA,0,1,0.25,1,1,0.25,1,1,0.25,1
07b24,NaN,NA,1,0,0.25,1,1,0.25,1,0,0.25,1
07b26,0,NA,0,0,0.25,0,0.666666666666667,0.25,0,0.5,0.25,0
07c2,0.333333333333333,0.333333333333333,0,1,0.333333333333333,0,1,0.666666666666667,0,0.4,0.666666666666667,1
07c4,0.333333333333333,0.333333333333333,1,0.5,0.333333333333333,0,1,0.666666666666667,1,0.571428571428571,0.666666666666667,1
07c6,NaN,0.333333333333333,0,0,0.333333333333333,0,1,0.666666666666667,0,0.5,0.666666666666667,0
07c7,NaN,0.333333333333333,0,0.2,0.333333333333333,0,0.5,0.5,0,0.4,0.666666666666667,0
07c8,0,0.333333333333333,1,0,0.333333333333333,1,0.666666666666667,0.666666666666667,1,0.666666666666667,0.666666666666667,1
07c9,0.333333333333333,0.333333333333333,1,0.333333333333333,0.333333333333333,1,0.333333333333333,0.666666666666667,0,0.333333333333333,0.666666666666667,1
07c10,0.333333333333333,0.333333333333333,0,0.5,0.333333333333333,0,0.5,0.5,0,1,0.666666666666667,0
07c11,0.428571428571429,0.333333333333333,1,1,0.333333333333333,1,0,0.666666666666667,1,0.333333333333333,0.666666666666667,1
07c12,0.3,0.333333333333333,1,0.666666666666667,0.333333333333333,0,0.5,0.666666666666667,1,0.666666666666667,0.666666666666667,1
07c14,0.333333333333333,0.333333333333333,0,0.25,0.333333333333333,0,0.6,0.666666666666667,0,0.625,0.666666666666667,0
07c16,0.333333333333333,0.333333333333333,1,0,0.333333333333333,1,0.428571428571429,0.333333333333333,1,0.571428571428571,0.666666666666667,1
07d1,0,0.75,0,0.4,0.25,0,0.5,0.5,0,0,0.75,0
07d2,0.8,0.75,1,1,0.25,0,0,0.5,1,0.75,0.75,1
07d3,0,0.75,0,0.333333333333333,0.25,0,0.333333333333333,0.5,0,0.5,0.75,0
07d4,0.333333333333333,0.75,0,NaN,0.25,0,0,0.5,0,0,0.75,0
07d5,0.25,0.75,0,0.4,0.25,0,0.5,0.5,0,0.6,0.75,0
07d7,0.454545454545455,0.75,0,0.111111111111111,0.25,1,0.333333333333333,0.5,1,0.666666666666667,0.75,1
07d8,NaN,0.75,1,0.5,0.25,1,1,0.5,1,1,0.75,1
07d9,0,0.75,0,0.2,0.25,1,0.428571428571429,0.5,1,0.75,0.75,1
07d10,0.357142857142857,0.75,1,0,0.25,0,0.4,0.5,1,0.666666666666667,0.75,1
07d11,0.5,0.75,0,0.333333333333333,0.25,0,0,0.5,0,0,0.75,0
07d12,0.6,0.75,0,0.4,0.25,0,0.375,0.5,0,0.333333333333333,0.75,0
07d13,0.75,0.75,0,0.333333333333333,0.25,0,0.333333333333333,0.5,0,0.666666666666667,0.75,0
07d16,0.357142857142857,0.75,1,0.272727272727273,0.25,1,0.25,0.5,1,0.428571428571429,0.75,1
07d17,0,0.75,0,0.375,0.25,0,0.428571428571429,0.5,0,0.571428571428571,0.75,0
07d18,0.666666666666667,0.75,1,0.222222222222222,0.25,0,0.454545454545455,0.5,0,0.666666666666667,0.75,0
07d20,0.75,0.75,1,0,0.25,1,1,0.5,0,0.75,0.75,1
07d21,0.25,0.75,0,0.25,0.25,0,0,0.5,0,0,0.75,0
07d22,0.142857142857143,0.75,0,0.375,0.25,0,0.5,0.5,0,0.6,0.75,1
07d23,0.5,0.75,0,0.375,0.25,0,0.4,0.5,1,0.5,0.75,1
07d24,0.2,0.75,0,0.142857142857143,0.25,0,0.375,0.5,0,0.428571428571429,0.75,1
07e1,0.5,0.5,0,0.5,0,1,0.1,0.25,1,0.363636363636364,0.25,1
07e2,0.25,0.5,0,0.25,0,0,0.25,0.25,0,0.2,0.25,0
07e3,0,0.5,1,0,0,0,NaN,0.25,0,0.363636363636364,0.25,0
07e4,0.666666666666667,0.5,0,0,0,0,0,0.25,0,0.25,0.25,0
07e5,NaN,0.5,0,0,0,0,0,0.25,0,NaN,0.25,0
07e6,0.375,0.5,1,0,0,0,0.2,0.25,0,0.375,0.25,0
07e8,0.363636363636364,0.5,1,0.1,0,0,0.333333333333333,0.25,0,0.222222222222222,0.25,1
07e9,0,0.5,1,0.333333333333333,0,1,0.2,0.25,1,0.285714285714286,0.25,1
07e10,0.5,0.5,0,0.222222222222222,0,0,0.2,0.25,0,0.4,0.25,0
07e11,0.75,0.5,0,0.111111111111111,0,0,0.285714285714286,0.25,0,0.4,0.25,0
07e12,0.444444444444444,0.5,0,0,0,0,0,0.25,0,0,0.25,0
07e13,0.285714285714286,0.5,0,0.25,0,0,0.222222222222222,0.25,0,0.166666666666667,0.25,0
07e14,NaN,0.5,0,0,0,0,0,0.25,0,0,0.25,0
07e15,0,0.5,1,0,0,0,0.2,0.25,0,0.375,0.25,1
07e17,0.25,0.5,0,0.5,0,0,0.333333333333333,0.25,0,0.25,0.25,0
07e18,0.5,0.5,1,0,0,0,0,0.25,1,0.2,0.25,0
07e19,0,0.5,0,0.25,0,0,0.333333333333333,0.25,0,0.166666666666667,0.25,0
07e20,1,0.5,0,0.125,0,0,0.222222222222222,0.25,0,0.333333333333333,0.25,0
07e21,0,0.5,0,0.25,0,0,0.333333333333333,0.25,0,0.2,0.25,0
07f1,0.75,0.5,0,0.5,0,0,0.4,0.5,1,1,0,1
07f2,0.5,0.5,0,0,0,0,0.285714285714286,0.5,1,NaN,0,1
07f3,0,0.5,1,0,0,0,0.166666666666667,0.5,1,0,0,1
07f4,0,0.5,1,0.333333333333333,0,0,0,0.5,0,0,0,1
07f5,0.333333333333333,0.5,0,0,0,0,0,0.5,0,0.333333333333333,0,0
07f7,0.25,0.5,0,0.25,0,0,0.181818181818182,0.5,0,0.3,0,0
07f8,0,0.5,0,0,0,0,0.333333333333333,0.5,0,0.181818181818182,0,0
07f9,0.125,0.5,0,0,0,0,0.285714285714286,0.5,0,0,0,0
07f10,0,0.5,0,0,0,0,0.333333333333333,0.5,0,0,0,0
07f11,0.5,0.5,1,0.2,0,0,0.75,0.5,0,NaN,0,1
07f12,0,0.5,0,0,0,0,0,0.5,0,0.4,0,0
07f13,0.4,0.5,0,0,0,0,0.285714285714286,0.5,0,0.2,0,0
07f14,0.333333333333333,0.5,1,0.25,0,0,0.5,0.5,1,0,0,1
07f16,0,0.5,0,0,0,0,0,0.5,0,0,0,0
07f17,0.4,0.5,1,0,0,0,0.5,0.5,0,0.6,0,1
07f18,0,0.5,0,0,0,0,0,0.5,0,0,0,0
07f19,0.2,0.5,1,0,0,1,0,0.5,0,0.25,0,0
07f20,0.5,0.5,0,1,0,0,0,0.5,0,0,0,0
07f21,0,0.5,0,0,0,0,0,0.5,0,0,0,0
07f22,0,0.5,0,0,0,0,0,0.5,0,0,0,0
07f23,0.666666666666667,0.5,0,0,0,0,0.333333333333333,0.5,0,0.666666666666667,0,0
07f24,0.428571428571429,0.5,1,0,0,1,0.5,0.5,1,0.5,0,1
07f25,0,0.5,0,0,0,0,0,0.5,0,0.25,0,0
07f27,NaN,0.5,1,0,0,0,0.5,0.5,1,NaN,0,1
08a1,0.5,0.4,0,0,0,0,0,0,0,0,0,0
08a2,0.333333333333333,0.4,0,0.333333333333333,0,0,0,0,0,0.25,0,1
08a3,0.333333333333333,0.4,0,0,0,0,0,0,0,0,0,0
08a4,0.5,0.4,0,0,0,0,0,0,0,0,0,0
08a5,0.3,0.4,1,0,0,0,0,0,0,0,0,0
08a6,0.25,0.4,1,0.125,0,1,0.666666666666667,0,1,0.666666666666667,0,1
08a8,0.375,0.4,1,0.5,0,1,0.25,0,1,0.25,0,1
08a9,NaN,0.4,0,0.666666666666667,0,1,0.222222222222222,0,1,NaN,0,1
08a10,0,0.4,0,0,0,0,0,0,0,0,0,0
08a11,0,0.4,0,0,0,0,0,0,0,0.2,0,1
08a12,0,0.4,0,0,0,0,0,0,0,0,0,0
08a13,0,0.4,1,0,0,0,0.142857142857143,0,0,0.166666666666667,0,0
08a14,0,0.4,0,0,0,0,0,0,0,0,0,0
08a15,0.555555555555556,0.4,0,0,0,0,0.4,0,0,0.2,0,0
08a16,0.333333333333333,0.4,1,0.5,0,0,1,0,0,0.5,0,0
08a17,0.363636363636364,0.4,0,NaN,0,0,0.333333333333333,0,0,0.3,0,0
08a18,0.416666666666667,0.4,0,0.25,0,0,0,0,0,0.333333333333333,0,0
08a19,0.25,0.4,0,0,0,0,0,0,0,0.5,0,0
08a20,0.25,0.4,0,0,0,0,0,0,1,0,0,1
08a21,0.555555555555556,0.4,0,0.285714285714286,0,0,0.375,0,1,0.222222222222222,0,1
08a22,0,0.4,0,0,0,0,1,0,0,0.5,0,0
08a23,0.5,0.4,0,0,0,1,0,0,0,0.333333333333333,0,0
08a24,0.166666666666667,0.4,0,0,0,0,0.0909090909090909,0,0,0.352941176470588,0,0
08a25,1,0.4,1,0,0,0,0,0,0,0,0,0
08a26,1,0.4,1,0,0,0,0,0,0,0,0,0
08a27,0,0.4,0,0,0,0,0,0,0,0,0,0
08a28,0.333333333333333,0.4,0,0,0,0,0.166666666666667,0,0,0.333333333333333,0,0
08a29,NaN,0.4,0,0.5,0,0,0.75,0,1,0.666666666666667,0,1
08b2,1,0.6,1,0,0.4,0,0.333333333333333,0.4,0,0.333333333333333,0.2,0
08b3,0,0.6,1,0.333333333333333,0.4,1,0.5,0.4,1,1,0.2,1
08b4,0.4,0.6,0,0,0.4,0,0,0.4,0,0.25,0.2,0
08b6,0.666666666666667,0.6,0,0.4,0.4,0,0.666666666666667,0.4,0,0,0.2,0
08b7,0.333333333333333,0.6,0,0.25,0.4,0,0,0.4,0,0,0.2,0
08b8,1,0.6,0,0,0.4,0,0.333333333333333,0.4,0,0.142857142857143,0.2,1
08b9,0,0.6,0,0,0.4,0,0.4,0.4,0,0.5,0.2,0
08b10,0.545454545454545,0.6,1,0.3,0.4,0,0.4,0.4,1,0.25,0.2,0
08b11,0.5,0.6,1,0.2,0.4,0,0.333333333333333,0.4,0,0.4,0.2,0
08b13,0.5,0.6,0,0,0.4,0,0,0.4,0,0.2,0.2,0
08b14,0.5,0.6,1,0,0.4,0,0.5,0.4,0,0.2,0.2,0
08b15,0.666666666666667,0.6,0,0.285714285714286,0.4,0,0.2,0.4,0,0.5,0.2,0
08b16,0,0.6,1,1,0.4,1,1,0.4,1,0.5,0.2,1
08b17,0,0.6,0,0.2,0.4,0,0,0.4,0,0.25,0.2,0
08b18,0.5,0.6,1,0,0.4,0,0.666666666666667,0.4,0,0.375,0.2,0
08b19,0.571428571428571,0.6,1,0.333333333333333,0.4,0,0.333333333333333,0.4,0,0.166666666666667,0.2,0
08b20,0.428571428571429,0.6,0,0,0.4,0,0.375,0.4,0,0.25,0.2,0
08b21,0.5,0.6,0,0.5,0.4,0,1,0.4,0,1,0.2,1
08b22,0.75,0.6,1,0.4,0.4,0,0.3,0.4,1,0.285714285714286,0.2,1
08b23,0.666666666666667,0.6,1,0.5,0.4,1,0.5,0.4,1,1,0.2,1
08b24,0,0.6,1,0.2,0.4,1,0,0.4,1,0,0.2,1
08b25,0.625,0.6,0,0.333333333333333,0.4,1,1,0.4,1,0.5,0.2,0
08b26,0.857142857142857,0.6,1,0.142857142857143,0.4,0,0.2,0.4,1,0.333333333333333,0.2,0
08b27,0.5,0.6,1,0,0.4,0,0,0.4,0,0.2,0.2,0
08b28,0.6,0.6,1,0,0.4,0,0,0.4,0,0.25,0.2,0
08b29,0,0.6,0,0.285714285714286,0.4,0,0,0.4,0,0.25,0.2,0
08b30,0.583333333333333,0.6,0,NaN,0.4,0,0.583333333333333,0.4,0,0.2,0.2,0
08d1,0.333333333333333,1,1,0.5,0.2,0,0.6,0.4,0,0.545454545454545,1,1
08d2,0.5,1,0,0.166666666666667,0.2,0,0.6,0.4,0,0.583333333333333,1,1
08d3,0,1,0,0,0.2,0,0.5,0.4,0,0,1,0
08d4,0,1,0,0.166666666666667,0.2,0,0,0.4,0,0.333333333333333,1,0
08d6,0.6,1,1,1,0.2,1,1,0.4,1,1,1,1
08d7,0.5,1,0,0,0.2,0,0.2,0.4,0,0,1,0
08d8,1,1,1,0.333333333333333,0.2,1,1,0.4,1,0.666666666666667,1,1
08d9,0.5,1,0,0.75,0.2,0,0.75,0.4,0,0.5,1,0
08d12,0.4,1,0,0.2,0.2,0,0.5,0.4,1,0.875,1,1
08d13,0.5,1,0,0,0.2,1,0.666666666666667,0.4,1,1,1,1
08d14,0.333333333333333,1,0,0,0.2,0,0.5,0.4,0,0,1,NA
08d15,0,1,1,0,0.2,0,0,0.4,1,NA,1,0
08d16,0.5,1,0,0,0.2,0,0.375,0.4,0,0,1,0
08d17,1,1,1,0.571428571428571,0.2,1,0.6,0.4,1,1,1,1
08d18,0,1,1,0.333333333333333,0.2,1,0.666666666666667,0.4,1,0.666666666666667,1,1
08d19,0,1,0,0.5,0.2,0,0,0.4,0,NA,1,0
08d20,0.333333333333333,1,1,0.25,0.2,0,0.5,0.4,1,0.727272727272727,1,1
08d21,0.333333333333333,1,0,0,0.2,0,0.333333333333333,0.4,0,NA,1,0
08d22,1,1,1,0.333333333333333,0.2,1,0.666666666666667,0.4,1,0.5,1,1
08d23,0,1,0,0,0.2,0,0.5,0.4,0,0,1,0
08d24,0.333333333333333,1,0,0.25,0.2,0,0.5,0.4,0,NA,1,0
08d25,0.5,1,0,0.6,0.2,0,0,0.4,0,0,1,0
08d28,0.714285714285714,1,1,0.666666666666667,0.2,1,0.833333333333333,0.4,1,0.833333333333333,1,1
08d29,NaN,1,0,0,0.2,0,0,0.4,0,0,1,0
08d30,0,1,1,0,0.2,0,0.2,0.4,0,0,1,0
08e1,0,0.2,0,0,0,0,0,0,0,0.5,0.4,0
08e2,0.8,0.2,1,0,0,0,0.222222222222222,0,0,0.333333333333333,0.4,1
08e5,0.5,0.2,0,0.333333333333333,0,0,0.333333333333333,0,0,0.5,0.4,0
08e6,0.5,0.2,0,0.5,0,0,1,0,0,1,0.4,0
08e7,0.2,0.2,0,0,0,0,0,0,0,0,0.4,0
08e8,1,0.2,1,1,0,1,0.4,0,1,1,0.4,1
08e10,0.2,0.2,0,0.166666666666667,0,0,0,0,0,0,0.4,0
08e11,0.5,0.2,0,0.166666666666667,0,0,0.222222222222222,0,0,0.428571428571429,0.4,0
08e12,1,0.2,1,0.25,0,0,0.142857142857143,0,0,0.5,0.4,0
08e13,0,0.2,0,0,0,0,0.333333333333333,0,0,0.25,0.4,1
08e14,0,0.2,1,0,0,0,0,0,0,0,0.4,0
08e15,0,0.2,0,0.25,0,0,0.142857142857143,0,0,0.5,0.4,0
08e16,0,0.2,0,0,0,0,0,0,0,0.5,0.4,0
08e18,1,0.2,1,1,0,1,0.75,0,1,1,0.4,1
08e20,0,0.2,1,0,0,1,0.5,0,1,0,0.4,1
08e21,0.333333333333333,0.2,0,0.666666666666667,0,0,0,0,0,0.5,0.4,0
08e22,0,0.2,1,0.333333333333333,0,1,0.333333333333333,0,0,0,0.4,1
08e23,0.25,0.2,0,0,0,0,0,0,0,0,0.4,0
08e25,0,0.2,0,0.25,0,0,0.166666666666667,0,1,0.75,0.4,1
08e26,1,0.2,0,0,0,0,0.125,0,0,0.428571428571429,0.4,0
08e27,1,0.2,1,0,0,1,0,0,1,0.375,0.4,1
08e28,0,0.2,0,0,0,0,0,0,0,0.111111111111111,0.4,1
08f1,0.666666666666667,0.75,0,0.2,0.25,0,0.2,0,0,0.666666666666667,0,0
08f2,0.666666666666667,0.75,0,0,0.25,0,0,0,0,0.2,0,0
08f3,0.428571428571429,0.75,1,0,0.25,0,0.2,0,1,0.4,0,1
08f4,0.6,0.75,1,0,0.25,1,0.4,0,1,0.333333333333333,0,1
08f6,0.5,0.75,1,0.2,0.25,0,0.5,0,0,0.5,0,0
08f7,0.285714285714286,0.75,1,0,0.25,0,0.285714285714286,0,1,0,0,0
08f8,0.75,0.75,0,0.2,0.25,0,0,0,0,0,0,0
08f9,0.333333333333333,0.75,1,0.5,0.25,0,0,0,0,0,0,0
08f10,0.428571428571429,0.75,1,0.25,0.25,0,0,0,0,0,0,0
08f12,0.428571428571429,0.75,1,0.25,0.25,0,1,0,0,1,0,1
08f13,0.5,0.75,1,0.333333333333333,0.25,0,0.333333333333333,0,0,0,0,0
08f15,0.428571428571429,0.75,0,0,0.25,0,1,0,0,0,0,0
08f16,0.666666666666667,0.75,0,0.25,0.25,0,0.5,0,1,0.5,0,1
08f17,0.666666666666667,0.75,0,0,0.25,0,0.8,0,0,0.5,0,0
08f19,0.5,0.75,1,0,0.25,0,0,0,0,0.125,0,0
08f20,0.333333333333333,0.75,1,0,0.25,0,0,0,0,0,0,0
08f21,NaN,0.75,0,0,0.25,0,0.333333333333333,0,0,0.666666666666667,0,0
08f22,0.454545454545455,0.75,0,0.0909090909090909,0.25,0,0.1,0,0,0.142857142857143,0,0
08f24,0.454545454545455,0.75,0,0.0833333333333333,0.25,0,0.125,0,0,0.142857142857143,0,0
08f25,0.75,0.75,0,0,0.25,1,0.333333333333333,0,1,1,0,1
08f26,0.666666666666667,0.75,0,0,0.25,0,0,0,0,0,0,0
08f27,0.714285714285714,0.75,0,0.2,0.25,0,0,0,0,0.2,0,0
08g1,NA,0.6,0,0,0,0,0,0.833333333333333,0,0,0.2,0
08g2,NA,0.6,1,0.75,0,0,0.333333333333333,0.833333333333333,0,0.4,0.2,0
08g3,0.666666666666667,0.6,NA,0.6,0,1,0.363636363636364,0.8,1,0.25,0.2,0
08g4,0.833333333333333,0.6,1,0.4,0,0,0.8,0.8,0,0,0.2,0
08g5,0.4,0.6,0,0,0,0,0.5,0.833333333333333,1,0.166666666666667,0.2,0
08g6,0.6,0.6,1,0,0,0,0.5,0.8,1,0.333333333333333,0.2,0
08g7,0,0.6,0,0.2,0,0,0.333333333333333,0.833333333333333,0,0.2,0.2,0
08g8,1,0.6,1,1,0,1,0.75,0.833333333333333,1,0.6,0.2,1
08g9,NA,0.6,1,0,0,1,0,0.8,0,1,0.2,1
08g10,0,0.6,1,0,0,0,0.5,0.8,0,0,0.2,1
08g11,0.714285714285714,0.6,1,0.833333333333333,0,1,0.75,0.8,1,0.666666666666667,0.2,0
08g12,1,0.6,1,0.6,0,1,0.75,0.8,0,1,0.2,0
08g13,1,0.6,1,0.75,0,1,0.4,0.8,1,0.6,0.2,1
08g14,0.25,0.6,0,0,0,0,1,0.8,1,0,0.2,0
08g16,0.333333333333333,0.6,0,0,0,0,0.666666666666667,0.8,0,0.111111111111111,0.2,0
08g17,0.5,0.6,1,0.833333333333333,0,1,0.5,0.8,1,0.25,0.2,1
08g18,0,0.6,0,0,0,0,0.5,0.8,0,0.166666666666667,0.2,0
08g20,0,0.6,0,0,0,0,0.4,0.833333333333333,0,0.2,0.2,0
08g21,0.6,0.6,1,0,0,0,0.666666666666667,0.833333333333333,1,0,0.2,1
08g23,NA,0.6,0,0.666666666666667,0,0,0.428571428571429,0.8,0,0.4,0.2,1
08g24,1,0.6,0,0,0,0,0.25,0.833333333333333,0,NaN,0.2,0
08g25,NA,0.6,0,0.777777777777778,0,0,0.666666666666667,0.8,0,0.4,0.2,0
08g26,NaN,0.6,0,0,0,0,0.428571428571429,0.8,0,0.2,0.2,0
08g27,0.333333333333333,0.6,0,0,0,0,1,0.8,1,0,0.2,1
08g28,1,0.6,0,0.75,0,1,0.5,0.8,1,0.5,0.2,0
08g29,1,0.6,0,0,0,0,0.333333333333333,0.8,0,0.333333333333333,0.2,0
08g30,0.375,0.6,1,0,0,0,1,0.833333333333333,1,0.333333333333333,0.2,0
08h1,0,0.5,0,0.25,0.25,0,1,0.25,0,NaN,0,0
08h2,0.5,0.5,0,0.5,0.25,0,0.5,0.25,0,0.2,0,0
08h3,0.333333333333333,0.5,1,0.333333333333333,0.25,1,0.5,0.25,1,0.333333333333333,0,1
08h4,0.6,0.5,1,0.25,0.25,0,0.4,0.25,0,0.333333333333333,0,1
08h6,0.75,0.5,1,0,0.25,0,0.4,0.25,0,0.333333333333333,0,0
08h7,0.666666666666667,0.5,0,0.272727272727273,0.25,0,0.285714285714286,0.25,0,0.5,0,0
08h10,0,0.5,0,0,0.25,0,0,0.25,0,0.375,0,0
08h12,0.555555555555556,0.5,0,0.142857142857143,0.25,1,0.4,0.25,1,0,0,1
08h14,NaN,0.5,0,0.2,0.25,0,NaN,0.25,0,0,0,1
08h16,0.6,0.5,1,0,0.25,0,0.5,0.25,0,0.666666666666667,0,0
08h17,0.5,0.5,0,0.333333333333333,0.25,0,0,0.25,0,0,0,0
08h18,0.5,0.5,0,0,0.25,0,0.333333333333333,0.25,0,0,0,0
08h19,0.416666666666667,0.5,1,0.375,0.25,0,0.428571428571429,0.25,1,0.111111111111111,0,1
08h20,0.2,0.5,1,0.125,0.25,0,0,0.25,0,0.125,0,0
08h21,0.75,0.5,1,0,0.25,1,0.428571428571429,0.25,1,0.4,0,0
08h22,0.6,0.5,0,0.166666666666667,0.25,0,0.428571428571429,0.25,0,0.2,0,1
08h24,0.461538461538462,0.5,0,0.5,0.25,0,0.4,0.25,0,0.25,0,0
08h25,0.5,0.5,0,0,0.25,0,0.333333333333333,0.25,0,0.2,0,0
08i1,0,0.6,0,0,0.4,0,0.142857142857143,0,0,0.333333333333333,0.6,0
08i3,0.5,0.6,NA,0.25,0.4,0,0.25,0,1,0.25,0.6,0
08i4,NA,0.6,1,0.2,0.4,0,0.285714285714286,0,0,0.166666666666667,0.6,0
08i5,0.666666666666667,0.6,0,0.571428571428571,0.4,0,0.6,0,0,0.6,0.6,1
08i6,0.25,0.6,0,0.5,0.4,0,0.2,0,0,0.75,0.6,0
08i7,0,0.6,0,0.5,0.4,0,0.166666666666667,0,0,0.333333333333333,0.6,0
08i8,0.333333333333333,0.6,0,0.4,0.4,0,0.2,0,0,0.571428571428571,0.6,0
08i9,1,0.6,0,0.333333333333333,0.4,0,0,0,0,0.6,0.6,0
08i10,0.5,0.6,0,0.111111111111111,0.4,1,0.125,0,0,0,0.6,0
08i11,0.666666666666667,0.6,0,0,0.4,0,0,0,0,0.4,0.6,0
08i12,0,0.6,0,0,0.4,0,0,0,0,0,0.6,0
08i13,0.6,0.6,1,0.666666666666667,0.4,0,0.5,0,0,1,0.6,1
08i14,0.75,0.6,1,0,0.4,1,0,0,1,0.25,0.6,1
08i15,0.5,0.6,1,0.25,0.4,0,0.333333333333333,0,1,0,0.6,1
08i17,0.5,0.6,1,0.285714285714286,0.4,1,0.0909090909090909,0,1,0.666666666666667,0.6,1
08i18,0.75,0.6,0,1,0.4,0,0,0,0,0,0.6,0
08i19,NaN,0.6,0,0.2,0.4,0,NaN,0,0,0.25,0.6,0
08i20,0.2,0.6,0,0.333333333333333,0.4,0,0.166666666666667,0,0,0,0.6,0
08i21,NaN,0.6,0,0,0.4,0,0.2,0,0,0.333333333333333,0.6,0
08i23,0,0.6,1,0,0.4,0,0,0,0,0,0.6,0
08i24,0.5,0.6,0,0.1,0.4,1,0.222222222222222,0,0,0,0.6,0
08i25,0.571428571428571,0.6,1,0,0.4,0,0,0,0,0,0.6,0
08i26,0.4,0.6,1,0.333333333333333,0.4,1,0.333333333333333,0,1,1,0.6,1
08i27,0.4,0.6,1,0.2,0.4,0,0,0,0,0,0.6,0
08i28,0.666666666666667,0.6,1,0.666666666666667,0.4,1,0,0,1,0.75,0.6,1
08j2,0.6,0,0,0.5,0.5,0,0,0.25,0,0.25,0.25,0
08j3,0.5,0,1,0.4,0.5,0,0,0.25,1,0,0.25,1
08j4,0.5,0,0,0.333333333333333,0.5,1,0,0.25,0,0.142857142857143,0.25,0
08j5,1,0,0,0.333333333333333,0.5,0,0.2,0.25,0,0,0.25,0
08j6,0.8,0,1,0.2,0.5,0,0.333333333333333,0.25,1,0,0.25,0
08j7,0,0,0,0,0.5,0,0,0.25,0,0.25,0.25,0
08j8,0,0,0,0,0.5,0,0,0.25,0,0,0.25,0
08j9,0.833333333333333,0,1,0.333333333333333,0.5,1,0.333333333333333,0.25,1,0.4,0.25,1
08j10,0,0,0,0,0.5,0,0,0.25,0,0,0.25,0
08j11,0.75,0,0,0.2,0.5,0,0.5,0.25,0,0.333333333333333,0.25,1
08j12,0,0,0,0,0.5,0,0,0.25,0,0.2,0.25,0
08j14,0.5,0,1,0,0.5,0,0.5,0.25,0,0,0.25,0
08j15,0.5,0,1,0.428571428571429,0.5,0,0.5,0.25,0,0.375,0.25,0
08j16,0,0,0,0,0.5,0,0,0.25,0,0.25,0.25,0
08j17,0.666666666666667,0,1,0.5,0.5,0,0.333333333333333,0.25,1,0,0.25,0
08j20,0.5,0,1,0.166666666666667,0.5,1,0.166666666666667,0.25,0,0.25,0.25,0
08j22,0.666666666666667,0,1,0,0.5,0,0.666666666666667,0.25,0,0,0.25,0
08j23,0,0,0,0,0.5,0,0,0.25,0,0.25,0.25,0
08j26,0.666666666666667,0,1,0.333333333333333,0.5,0,0.333333333333333,0.25,1,0.666666666666667,0.25,1
08k1,1,0.2,0,0,0,0,0,0.25,0,0,0.5,0
08k2,0,0.2,1,0.25,0,0,0,0.25,0,0.5,0.5,1
08k3,0.25,0.2,1,0,0,1,0.666666666666667,0.25,1,0,0.5,1
08k5,0,0.2,1,0,0,0,0,0.25,0,0,0.5,0
08k6,0.25,0.2,0,0,0,0,0,0.25,0,0,0.5,0
08k7,0,0.2,0,0,0,0,0.25,0.25,0,0.25,0.5,0
08k8,0.4,0.2,0,0.333333333333333,0,0,0.6,0.25,0,0.2,0.5,0
08k10,0.333333333333333,0.2,0,0,0,0,0.375,0.25,0,0,0.5,0
08k11,0.5,0.2,0,0,0,0,0.2,0.25,0,0,0.5,0
08k12,0.666666666666667,0.2,NA,0.5,0,0,1,0.25,0,1,0.5,1
08k13,NA,0.2,0,0.2,0,0,0.5,0.25,0,0.571428571428571,0.5,0
08k14,0.25,0.2,1,0,0,0,0.2,0.25,0,0.125,0.5,0
08k15,NA,0.2,0,0.2,0,0,0.142857142857143,0.25,0,0.444444444444444,0.5,0
08k16,NA,0.2,0,0.166666666666667,0,0,0.111111111111111,0.25,0,0.166666666666667,0.5,1
08k17,1,0.2,1,0,0,0,0.166666666666667,0.25,1,0.5,0.5,1
08k18,NA,0.2,1,0.333333333333333,0,0,0.2,0.25,1,0.666666666666667,0.5,1
08k19,0.25,0.2,0,0,0,0,0,0.25,0,0,0.5,0
08k20,NA,0.2,NA,0,0,1,0,0.25,1,0.285714285714286,0.5,1
08k21,NA,0.25,0,0.2,0,0,0,0.25,0,0.5,0.5,0
08k22,0,0.2,0,0.142857142857143,0,0,0.166666666666667,0.25,0,0.333333333333333,0.5,0
08k23,NA,0.2,1,0.25,0,1,0.2,0.25,1,1,0.5,1
08k24,0,0.2,0,0.25,0,1,0.2,0.25,0,0.666666666666667,0.5,1
08k25,0.5,0.2,0,0,0,0,0.333333333333333,0.25,0,1,0.5,0
08k26,0.333333333333333,0.2,0,0,0,0,0.285714285714286,0.25,0,0.181818181818182,0.5,0
08k27,0,0.2,0,0,0,0,0,0.25,0,0.25,0.5,0
08l1,1,0.75,1,0.5,0.75,1,0.25,1,1,1,0.5,1
08l2,0.833333333333333,0.75,1,0.333333333333333,0.75,1,0.5,1,1,0.5,0.5,1
08l3,0.666666666666667,0.75,1,0.333333333333333,0.75,1,0,1,1,0,0.5,1
08l5,0.75,0.75,1,0.8,0.75,1,0.6,1,1,0.6,0.5,1
08l6,1,0.75,1,0.5,0.75,0,0.5,1,0,0.75,0.5,0
08l7,0.666666666666667,0.75,1,0.75,0.75,0,0.8,1,1,0.75,0.5,1
08l8,0.833333333333333,0.75,1,0.833333333333333,0.75,0,0.4,1,0,0.333333333333333,0.5,0
08l9,0.666666666666667,0.75,0,0.333333333333333,0.75,0,0.2,1,0,0.5,0.5,0
08l10,0.8,0.75,1,1,0.75,1,0.8,1,1,0.714285714285714,0.5,1
08l12,0.8,0.75,1,0.5,0.75,0,0.4,1,0,0.571428571428571,0.5,0
08l13,1,0.75,0,0.5,0.75,1,1,1,0,1,0.5,0
08l16,1,0.75,1,0.5,0.75,1,0.5,1,0,0.5,0.5,1
08l17,0.666666666666667,0.75,1,1,0.75,1,1,1,1,0.75,0.5,1
08l18,1,0.75,1,0.333333333333333,0.75,0,0.6,1,0,0.333333333333333,0.5,0
08l19,1,0.75,0,1,0.75,1,1,1,0,0.666666666666667,0.5,0
08l21,NaN,0.75,1,NaN,0.75,0,NaN,1,0,0,0.5,0
08l22,0.666666666666667,0.75,1,0,0.75,0,1,1,1,0.5,0.5,0
08m1,NaN,0.5,1,0,0.75,0,NaN,1,0,0,0.75,1
08m2,0.6,0.5,1,0.545454545454545,0.75,1,0.571428571428571,1,1,0.75,0.75,1
08m3,0.375,0.5,0,0.5,0.75,1,0,1,0,0.2,0.75,0
08m4,0.5,0.5,0,0.4,0.75,0,0.3,1,0,0.5,0.75,0
08m5,1,0.5,0,0.428571428571429,0.75,0,1,1,0,1,0.75,0
08m6,0.666666666666667,0.5,1,0.333333333333333,0.75,1,0.714285714285714,1,1,1,0.75,1
08m7,0.5,0.5,1,0.666666666666667,0.75,0,0.5,1,0,0.8,0.75,1
08m8,1,0.5,0,0.5,0.75,0,0.428571428571429,1,0,1,0.75,0
08m9,0.666666666666667,0.5,1,0.166666666666667,0.75,0,0,1,1,0.625,0.75,1
08m10,1,0.5,0,0.666666666666667,0.75,0,0.8,1,0,0.833333333333333,0.75,1
08m11,0.333333333333333,0.5,1,0.5,0.75,1,0.333333333333333,1,0,0.142857142857143,0.75,0
08m12,0.8,0.5,1,0.6,0.75,1,0.8,1,1,1,0.75,1
08m13,0.285714285714286,0.5,0,0.5,0.75,0,0,1,0,0,0.75,0
08m15,0.5,0.5,1,0,0.75,0,0,1,0,0,0.75,NA
08m17,0.5,0.5,1,0,0.75,0,0.5,1,0,0.666666666666667,0.75,1
08m18,1,0.5,1,0.5,0.75,1,0.8,1,1,1,0.75,1
08m19,0.428571428571429,0.5,0,0.666666666666667,0.75,0,0.166666666666667,1,0,0.166666666666667,0.75,0
08m20,1,0.5,1,0,0.75,0,0.6,1,0,0.8,0.75,1
08m21,0.4,0.5,0,0.5,0.75,0,0,1,0,0,0.75,0
08m22,0.466666666666667,0.5,1,0.428571428571429,0.75,1,0.333333333333333,1,1,0,0.75,0
08m23,0.6,0.5,1,0,0.75,0,0.6,1,1,0.5,0.75,1
08m24,0.4,0.5,1,0.375,0.75,1,0,1,0,0,0.75,1
08m25,0.727272727272727,0.5,1,0.714285714285714,0.75,0,0.666666666666667,1,1,0.75,0.75,1
08m26,1,0.5,0,0.333333333333333,0.75,0,0.6,1,1,0.888888888888889,0.75,1
08n1,0.833333333333333,0.5,0,0.375,0.25,0,NA,NA,0,0.428571428571429,0.5,0
08n2,1,0.5,1,0.5,0.25,0,NA,NA,0,0.5,0.4,0
08n3,0.25,0.5,0,0,0.25,0,0.5,NA,0,0.5,0.25,0
08n4,NaN,0.5,0,0,0.25,0,NA,NA,0,0.285714285714286,0.4,0
08n5,0.714285714285714,0.5,1,0.25,0.25,1,NA,NA,1,0.25,0.5,1
08n6,1,0.5,1,0.333333333333333,0.25,1,NA,NA,1,0.25,0.5,1
08n8,0,0.5,0,0.166666666666667,0.25,0,0.333333333333333,NA,0,0.25,0.4,0
08n9,1,0.5,1,0,0.25,0,0.5,NA,0,1,0.4,1
08n10,0.333333333333333,0.5,1,0.25,0.25,0,0.333333333333333,NA,0,0.333333333333333,0.4,1
08n11,1,0.5,1,0.5,0.25,0,0.5,NA,NA,0.5,0.4,0
08n12,0,0.5,0,0,0.25,0,0.25,NA,0,0.2,0.4,0
08n13,0.75,0.5,0,0.4,0.25,0,0.25,NA,0,0.6,0.25,0
08n14,0,0.5,0,0.111111111111111,0.25,1,0,NA,1,0,0.5,1
08n15,1,0.5,1,0,0.25,0,0.5,NA,0,1,0.25,1
08n16,0,0.5,0,0.25,0.25,0,0.75,NA,0,0.25,0.4,0
08n17,0.5,0.5,0,0,0.25,0,0.25,NA,0,0,0.4,0
08n18,0.2,0.5,1,0,0.25,1,0.4,NA,1,0.25,0.4,1
08n19,0.285714285714286,0.5,1,0.142857142857143,0.25,0,0.285714285714286,NA,1,0.142857142857143,0.4,1
08n20,0.25,0.5,1,0.333333333333333,0.25,0,0.666666666666667,NA,1,0.333333333333333,0.4,0
08n21,0.75,0.5,1,0.4,0.25,0,NA,NA,1,0.571428571428571,0.4,1
08n22,0,0.5,0,0,0.25,0,0,NA,0,0,0.4,0
08n23,0.333333333333333,0.5,1,0.25,0.25,1,0,NA,1,0.333333333333333,0.25,1
08n24,0.285714285714286,0.5,0,0.2,0.25,0,0.333333333333333,NA,0,0,0.4,0
08n25,0,0.5,1,NaN,0.25,1,NaN,NA,1,NaN,0.5,1
08n26,0.75,0.5,0,0.4,0.25,0,0.333333333333333,NA,0,0.5,0.25,0
09a1,0.666666666666667,1,0,0,0,0,0.5,0.5,0,0.8,0.5,0
09a2,0,1,1,0,0,0,0.25,0.5,1,0.333333333333333,0.5,1
09a3,0.666666666666667,1,1,0.333333333333333,0,1,0.4,0.5,1,1,0.5,1
09a4,0.5,1,0,0,0,0,0.333333333333333,0.5,0,0.666666666666667,0.5,0
09a7,0.333333333333333,1,1,0.25,0,0,0.333333333333333,0.5,1,0.75,0.5,1
09a9,1,1,1,0.25,0,1,0.6,0.5,1,1,0.5,1
09a10,1,1,1,0.666666666666667,0,0,0.6,0.5,0,1,0.5,1
09b1,0.333333333333333,1,1,0.5,0,1,0.5,0.333333333333333,1,0,0.333333333333333,1
09b2,1,1,0,1,0,0,1,0.333333333333333,0,1,0.333333333333333,1
09b3,0.5,1,1,0.2,0,1,0.8,0.333333333333333,1,0.5,0.333333333333333,1
09b4,1,1,0,0.333333333333333,0,0,0.777777777777778,0.333333333333333,0,0.6,0.333333333333333,0
09b5,0.5,1,1,0,0,1,0.6,0.333333333333333,1,0.571428571428571,0.333333333333333,1
09b6,0.555555555555556,1,1,0.428571428571429,0,1,NaN,0.333333333333333,1,0.2,0.333333333333333,0
09b7,0,1,1,0,0,1,0,0.333333333333333,1,NaN,0.333333333333333,1
09b8,0.625,1,1,0.333333333333333,0,0,0.5,0.333333333333333,1,0.75,0.333333333333333,0
09b10,0.833333333333333,1,0,0.4,0,0,0.8,0.333333333333333,0,0.5,0.333333333333333,0
09b11,0.833333333333333,1,0,0.666666666666667,0,0,0.8,0.333333333333333,0,0.75,0.333333333333333,0
09b12,0.666666666666667,1,0,0.5,0,0,0.666666666666667,0.333333333333333,1,0.333333333333333,0.333333333333333,1
09b14,0,1,0,0.5,0,1,NaN,0.333333333333333,1,NaN,0.333333333333333,0
09b15,0.5,1,1,0.428571428571429,0,0,0.8,0.333333333333333,1,0.714285714285714,0.333333333333333,1
09c1,0,1,1,0.5,0.333333333333333,0,0.333333333333333,0,1,0.6,0.666666666666667,1
09c2,0.333333333333333,1,0,NA,0.333333333333333,0,0,0,0,0.25,0.666666666666667,0
09c3,0,1,1,0,0.333333333333333,NA,0,0,0,0.6,0.666666666666667,0
09c5,0.6,1,1,0,0.333333333333333,0,0.5,0,0,0.666666666666667,0.666666666666667,0
09c6,0.5,1,1,0.2,0.333333333333333,0,0.5,0,1,0.571428571428571,0.666666666666667,1
09c7,0.333333333333333,1,0,NA,0.333333333333333,0,0,0,0,0.8,0.666666666666667,0
09c8,0.333333333333333,1,1,NA,0.333333333333333,1,0.5,0,1,0.6,0.666666666666667,1
09c9,0.8,1,0,0.2,0.333333333333333,0,0.666666666666667,0,0,0.666666666666667,0.666666666666667,0
09c10,0.5,1,1,0.166666666666667,0.333333333333333,1,1,0,1,0.5,0.666666666666667,1
09c11,0.75,1,1,0.25,0.333333333333333,0,0,0,1,0.333333333333333,0.666666666666667,1
09c12,0.333333333333333,1,0,NA,0.333333333333333,0,0.25,0,0,0.2,0.666666666666667,1
09c13,1,1,0,0.25,0.333333333333333,0,0.6,0,1,0.428571428571429,0.666666666666667,1
09c14,1,1,0,0.5,0.333333333333333,0,0.6,0,1,0.666666666666667,0.666666666666667,0
09d2,1,0.5,1,0,0.75,1,0.5,0.5,0,0.75,0.75,0
09d3,0.714285714285714,0.5,NA,0.571428571428571,0.75,1,0.571428571428571,0.5,1,1,0.75,1
09d4,0.666666666666667,0.5,1,0.333333333333333,0.75,1,0.666666666666667,0.5,1,0.5,0.75,1
09d5,0.75,0.5,0,0.615384615384615,0.75,1,0.714285714285714,0.5,0,0.714285714285714,0.75,0
09d6,1,0.5,0,0.833333333333333,0.75,0,0.833333333333333,0.5,1,0.888888888888889,0.75,1
09d7,NA,0.5,1,0.857142857142857,0.75,0,0.714285714285714,0.5,0,0.714285714285714,0.75,1
09d8,0.571428571428571,0.5,0,0.5,0.75,0,1,0.5,0,1,0.75,0
09d9,0.5,0.5,1,0.666666666666667,0.75,1,0.8,0.5,1,1,0.75,1
09d11,0.75,0.5,1,0.625,0.75,1,1,0.5,1,0.714285714285714,0.75,1
09d12,NA,0.5,1,0.666666666666667,0.75,1,0.6,0.5,1,1,0.75,1
09d13,0,0.5,1,0.25,0.75,1,0.666666666666667,0.5,0,0.666666666666667,0.75,1
09d14,0.75,0.5,1,0.8,0.75,0,0.833333333333333,0.5,1,1,0.75,1
09d16,0.571428571428571,0.5,1,0.375,0.75,1,0.5,0.5,1,0.6,0.75,1
09d17,NA,0.5,1,0.5,0.75,1,1,0.5,0,1,0.75,1
09d18,NaN,0.5,0,1,0.75,0,0,0.5,0,0.5,0.75,1
09d19,NA,0.5,0,0.666666666666667,0.75,0,0.6,0.5,0,1,0.75,1
09d20,0.833333333333333,0.5,0,0.5,0.75,0,0.5,0.5,0,1,0.75,0
09d21,0.625,0.5,0,0.333333333333333,0.75,0,0.4,0.5,1,0.5,0.75,1
09d22,0.75,0.5,1,0.6,0.75,1,0.6,0.5,1,1,0.75,1
09e1,0.222222222222222,0.2,0,0.125,0.2,0,0.285714285714286,0.6,1,0.5,0.8,1
09e2,0,0.2,0,0.333333333333333,0.2,0,0.4,0.6,0,0.333333333333333,0.8,0
09e3,0.5,0.166666666666667,1,0.2,0.2,1,0.636363636363636,0.6,1,0.666666666666667,0.8,1
09e5,0.181818181818182,0.2,1,0.222222222222222,0.2,0,0.5,0.6,1,0.4,0.8,1
09e7,1,0.2,1,1,0.2,0,0.666666666666667,0.6,1,0.666666666666667,0.8,0
09e8,0.666666666666667,0.166666666666667,1,0.333333333333333,0.2,0,1,0.6,0,0.75,0.8,0
09e9,0.4,0.2,0,0.166666666666667,0.2,0,0.666666666666667,0.6,0,0.666666666666667,0.8,1
09e13,0.222222222222222,0.2,0,0.125,0.2,0,0.428571428571429,0.6,0,NaN,0.8,0
09e14,0,0.166666666666667,0,NaN,0.2,0,NaN,0.6,0,0.625,0.8,0
09e15,0,0.2,0,0.285714285714286,0.2,0,0.625,0.6,0,0.2,0.8,0
09e17,0.6,0.2,0,0.2,0.2,0,0.75,0.6,0,0,0.8,0
09e19,0.307692307692308,0.166666666666667,0,0.166666666666667,0.2,0,0.6,0.6,0,0.75,0.8,1
09e20,0.444444444444444,0.166666666666667,0,0.285714285714286,0.2,0,0.636363636363636,0.6,0,0.285714285714286,0.8,0
09e21,0.166666666666667,0.2,1,0.1,0.2,1,0.333333333333333,0.6,1,0.75,0.8,1
09e23,0.5,0.2,1,0.166666666666667,0.2,0,0.142857142857143,0.6,1,0.6,0.8,0
09e24,NaN,0.2,1,0.2,0.2,0,0.333333333333333,0.6,1,0.285714285714286,0.8,0
09e25,0.333333333333333,0.2,0,0.285714285714286,0.2,0,0.666666666666667,0.6,0,0.285714285714286,0.8,0
09e26,1,0.166666666666667,1,0.166666666666667,0.2,1,0.625,0.6,1,0.555555555555556,0.8,1
09e27,0,0.2,0,0,0.2,0,0.5,0.6,0,0.25,0.8,0
09e28,0.2,0.166666666666667,0,0.333333333333333,0.2,1,0.333333333333333,0.6,1,0.2,0.8,1
09e29,1,0.166666666666667,0,0.333333333333333,0.2,0,0.666666666666667,0.6,0,0.5,0.8,0
09e30,0.222222222222222,0.166666666666667,0,0.125,0.2,0,0.454545454545455,0.6,0,0.625,0.8,0
09f1,0.6,0.4,1,0.5,0.4,1,0.5,0.8,1,0.6,0.8,1
09f2,0.5,0.4,1,0.454545454545455,0.4,0,NaN,0.8,0,0.666666666666667,0.8,0
09f3,0.4,0.4,1,0.375,0.4,0,0.666666666666667,0.8,1,0.666666666666667,0.8,1
09f4,1,0.4,0,0.4,0.4,0,1,0.8,0,0.666666666666667,0.8,0
09f6,0.5,0.4,1,0.333333333333333,0.4,1,0.727272727272727,0.8,0,0.818181818181818,0.8,1
09f7,1,0.4,NA,0.75,0.4,0,0.8,0.8,1,1,0.8,1
09f9,1,0.4,1,0.571428571428571,0.4,1,NaN,0.8,1,0.5,0.8,1
09f11,1,0.4,0,0.454545454545455,0.4,0,0.5,0.8,0,0.8,0.8,0
09f13,NaN,0.4,1,0.75,0.4,0,1,0.8,1,0.8,0.8,1
09f14,0.5,0.4,1,0.444444444444444,0.4,0,0.5,0.8,1,1,0.8,1
09f16,0.571428571428571,0.4,1,0.6,0.4,1,0.666666666666667,0.8,1,0.75,0.8,1
09f17,0.5,0.4,0,0.666666666666667,0.4,0,0.333333333333333,0.8,0,0.666666666666667,0.8,0
09f18,0,0.4,1,0,0.4,1,0.666666666666667,0.8,1,0.333333333333333,0.8,0
09f19,0.666666666666667,0.4,0,0.333333333333333,0.4,1,0.5,0.8,1,0.5,0.8,1
09f21,NA,0.4,1,0.5,0.4,1,0.571428571428571,0.8,1,0.8,0.8,1
09f22,0.333333333333333,0.4,0,0.666666666666667,0.4,0,0.666666666666667,0.8,0,0.666666666666667,0.8,0
09f23,0.444444444444444,0.4,1,0.375,0.4,1,0.625,0.8,1,1,0.8,1
09f24,0.666666666666667,0.4,1,0.333333333333333,0.4,1,0.714285714285714,0.8,1,1,0.8,1
09f25,NA,0.4,1,0.6,0.4,0,0.4,0.8,0,0.6,0.8,0
09f26,0.571428571428571,0.4,0,0.25,0.4,1,0.583333333333333,0.8,1,0.666666666666667,0.8,1
09f28,0.714285714285714,0.4,0,0.375,0.4,0,0.666666666666667,0.8,0,0.833333333333333,0.8,1
09f30,0.75,0.4,0,0.5,0.4,0,0.8,0.8,1,1,0.8,1
09g1,0,0.25,0,0,0.2,0,0,0.6,0,1,0.6,0
09g2,0.8,0.25,1,0.1,0.2,1,0.666666666666667,0.6,1,0.666666666666667,0.6,0
09g4,1,0.25,1,0.222222222222222,0.2,0,0.545454545454545,0.6,1,0.454545454545455,0.6,1
09g5,NA,0.25,1,0.25,0.2,1,0.5,0.6,1,0.5,0.6,1
09g6,NA,0.25,0,0.363636363636364,0.2,0,0.7,0.6,1,0.714285714285714,0.6,1
09g7,0.428571428571429,0.25,0,0.142857142857143,0.2,0,0.444444444444444,0.6,0,0.2,0.6,0
09g9,1,0.25,1,0.4,0.2,0,0.833333333333333,0.6,1,0.5,0.6,1
09g10,1,0.25,0,0.166666666666667,0.2,0,0.333333333333333,0.6,1,0.6,0.6,1
09g11,NA,0.25,0,0.285714285714286,0.2,0,0.5,0.6,0,0.6,0.6,1
09g12,0,0.25,0,0,0.2,0,0.285714285714286,0.6,0,0,0.6,0
09g13,0.4,0.25,1,0,0.2,0,0.5,0.6,1,0.375,0.6,0
09g15,0.666666666666667,0.25,1,0,0.2,0,0.6,0.6,0,0.25,0.6,0
09g16,NA,0.25,1,0.3,0.2,0,0.714285714285714,0.6,1,0.428571428571429,0.6,1
09g18,0.4,0.25,1,0.25,0.2,0,0.4,0.6,0,0.375,0.6,0
09g19,0.571428571428571,0.25,0,0.153846153846154,0.2,0,0.545454545454545,0.6,0,0.4,0.6,0
09g20,0.5,0.25,0,0,0.2,0,0.444444444444444,0.6,0,0.25,0.6,0
09g21,0.555555555555556,0.25,0,0.1,0.2,1,0.454545454545455,0.6,1,0.166666666666667,0.6,1
09g22,0.545454545454545,0.25,1,0.181818181818182,0.2,0,0.461538461538462,0.6,1,0.363636363636364,0.6,1
09g23,0.4,0.25,NA,0.5,0.2,0,1,0.6,0,1,0.6,0
09g25,0,0.25,0,0.333333333333333,0.2,0,NaN,0.6,0,0.5,0.6,1
09h1,0.75,NA,1,NA,NA,1,0.142857142857143,0,1,0.888888888888889,1,1
09h2,NA,NA,1,NA,NA,0,0.222222222222222,0,0,0.8,1,0
09h3,NA,NA,1,0.2,NA,0,0.5,0,0,0.333333333333333,1,1
09h4,NA,NA,1,NA,NA,NA,0.142857142857143,0.2,1,0.6,1,1
09h8,NA,NA,1,NA,NA,0,0.444444444444444,0,0,0.7,1,1
09h9,1,NA,0,NA,NA,0,0.285714285714286,0.25,0,0.833333333333333,1,1
09h10,NA,NA,0,0,NA,0,0,0.2,0,0.333333333333333,1,1
09h11,NA,NA,1,NA,NA,0,0.333333333333333,0.2,0,0.727272727272727,1,1
09h12,0,NA,NA,0,NA,0,0,0,0,0.666666666666667,1,0
09h13,NA,NA,0,0,NA,0,1,0.2,0,0.5,1,0
09h14,0,NA,1,0,NA,1,0.4,0,1,0.8,1,1
09h16,0.5,NA,0,0.333333333333333,NA,0,0.5,0.2,1,0.666666666666667,1,1
09h17,0.5,NA,0,0.25,NA,0,0.428571428571429,0.25,1,0.666666666666667,1,1
09h18,NA,NA,0,0,NA,0,0,0.25,0,0.666666666666667,1,0
09h19,0.833333333333333,NA,NA,0,NA,0,0.285714285714286,0.25,0,0.857142857142857,1,0
09h20,NA,NA,0,0.333333333333333,NA,0,1,0.25,0,1,1,0
09h22,NA,NA,0,0,NA,0,0,0.2,0,0.333333333333333,1,1
09h23,NA,NA,NA,0.2,NA,0,0.3,0.2,1,0.5,1,0
09h24,NA,NA,1,NA,NA,NA,0.166666666666667,0,0,0.714285714285714,1,1
09h25,NA,NA,1,0,NA,1,0,0.2,1,0.2,1,1
09h26,NaN,NA,0,0,NA,1,NaN,0,1,0.5,1,1
09i1,0,0.333333333333333,1,0.333333333333333,0.333333333333333,0,0.333333333333333,0.333333333333333,0,0.5,0.5,0
09i2,0.2,0.333333333333333,0,0,0.333333333333333,0,0.5,0.333333333333333,1,0.4,0.666666666666667,1
09i3,0.2,0.333333333333333,0,0.5,0.333333333333333,0,0.166666666666667,0.333333333333333,0,0,0.5,0
09i4,1,0.333333333333333,0,0,0.333333333333333,0,0,0.333333333333333,0,1,0.5,1
09i5,0.333333333333333,0.333333333333333,0,0,0.333333333333333,0,0.4,0.333333333333333,1,0.4,0.5,1
09i7,0,0.333333333333333,1,0,0.333333333333333,1,0,0.333333333333333,1,0.142857142857143,0.5,0
09i8,0.2,0.333333333333333,1,0.166666666666667,0.333333333333333,0,0.363636363636364,0.333333333333333,0,1,0.333333333333333,0
09i9,0.333333333333333,0.333333333333333,0,0,0.333333333333333,0,0.666666666666667,0.333333333333333,0,0.6,0.333333333333333,0
09i10,0,0.333333333333333,1,0,0.333333333333333,0,0.75,0.333333333333333,0,0.2,0.333333333333333,1
09i11,0.333333333333333,0.333333333333333,0,0.2,0.333333333333333,0,0.142857142857143,0.333333333333333,0,0,0.5,0
09i12,0.2,0.333333333333333,0,0.2,0.333333333333333,0,0.142857142857143,0.333333333333333,0,0.142857142857143,0.666666666666667,0
09i14,0.166666666666667,0.333333333333333,0,0,0.333333333333333,0,0,0.333333333333333,0,0,0.666666666666667,0
09i15,0,0.333333333333333,0,0.25,0.333333333333333,0,0.5,0.333333333333333,0,NaN,0.333333333333333,0
09j1,0,0,0,0,0,0,0,0,0,0.125,0.5,0
09j3,0,0,0,0,0,0,0,0,0,0,0.5,0
09j4,0,0,0,0,0,0,0,0,0,0,0.5,0
09j5,0.2,0,0,0.5,0,0,0.166666666666667,0,0,0.2,0.5,1
09j6,0,0,1,0,0,0,0.272727272727273,0,0,0,0.5,0
09j7,0,0,0,0.2,0,0,0.333333333333333,0,0,0.5,0.5,0
09j8,0,0,0,0,0,0,0,0,0,0,0.5,0
09j9,0,0,0,0,0,0,0,0,0,0,0.5,0
09j10,0.25,0,0,0,0,0,0.285714285714286,0,0,0.571428571428571,0.5,0
09j11,0,0,0,0,0,0,0,0,0,0,0.5,0
09j14,0.125,0,0,0,0,0,0,0,0,0.333333333333333,0.5,0
09j15,0,0,0,0.2,0,0,0.25,0,0,0.416666666666667,0.5,0
09j16,1,0,1,0.333333333333333,0,1,0.5,0,1,1,0.5,1
09j17,0,0,0,0,0,0,0,0,0,0,0.5,0
09j18,0,0,0,0,0,0,0,0,0,0,0.5,0
09j19,0,0,0,0.5,0,1,0.5,0,1,0.5,0.5,1
09j20,0.2,0,0,0.181818181818182,0,0,0.25,0,0,0.5,0.5,0
09j21,0,0,0,0,0,0,0,0,0,0,0.5,0
09j22,NaN,0,0,0.5,0,1,0,0,1,0.5,0.5,1
09j23,0.5,0,0,0,0,0,0.25,0,0,0.5,0.5,0
09k1,0.333333333333333,0.5,0,0,0.5,0,0.142857142857143,0.25,0,1,0.5,0
09k2,0,0.5,0,0.5,0.5,0,0,0.25,1,0.5,0.5,1
09k3,0.333333333333333,0.5,1,0,0.5,1,0,0.25,1,0,0.5,1
09k4,0.75,0.5,0,0,0.5,0,0.5,0.25,0,0.666666666666667,0.5,1
09k5,0.5,0.5,0,0.166666666666667,0.5,0,0.333333333333333,0.25,0,0,0.5,0
09k6,0.333333333333333,0.5,0,0.272727272727273,0.5,0,0.5,0.25,0,0.5,0.5,0
09k7,1,0.5,0,0,0.5,0,0,0.25,0,0,0.5,0
09k8,0.333333333333333,0.5,1,0.25,0.5,0,0.25,0.25,0,0.25,0.5,0
09k10,NaN,0.5,0,0,0.5,0,NaN,0.25,0,NaN,0.5,0
09k12,1,0.5,1,0,0.5,0,0,0.25,0,0,0.5,0
09k13,0.4,0.5,1,0.333333333333333,0.5,0,0.181818181818182,0.25,0,0.166666666666667,0.5,0
09k14,0,0.5,0,0,0.5,0,NaN,0.25,0,0.333333333333333,0.5,0
09k15,0,0.5,0,0.142857142857143,0.5,0,0.3,0.25,0,0.3,0.5,0
09k16,0,0.5,0,0,0.5,0,0,0.25,0,0,0.5,0
09k17,0.4,0.5,1,0.166666666666667,0.5,1,0.333333333333333,0.25,1,0.444444444444444,0.5,1
09k20,0.5,0.5,1,0.0909090909090909,0.5,1,1,0.25,1,0,0.5,1
09k21,0.5,0.5,1,0.285714285714286,0.5,0,1,0.25,1,0.8,0.5,0
09k23,NaN,0.5,1,0,0.5,1,NaN,0.25,1,0.5,0.5,1
09k25,1,0.5,1,0,0.5,0,0,0.25,0,0,0.5,0
